gamesTotal;wins;losses;ties;winsPast100;totalPlayer;totalOpponent;timeSinceLastRound;timeSinceStart;totalKOS;frameCount;estimated time
1;1;0;0;1;710;520;1,03992E+16;1,03992E+16;0;2383;11915
2;2;0;0;2;1300;990;9,2508E+14;1,965E+16;0;2365;11825
3;2;1;0;2;1950;1650;8,89386E+15;2,85438E+15;0;2377;11885
4;3;1;0;3;2540;2020;9,07694E+15;3,76208E+15;0;2403;12015
5;4;1;0;4;3300;2470;8,94837E+15;4,65691E+16;0;2396;1198
6;5;1;0;5;3950;2970;9,04595E+15;5,56151E+15;0;2392;1196
7;5;2;0;5;4480;3540;9,09298E+15;6,47081E+15;0;2407;12035
8;5;3;0;5;4860;4060;9,17735E+15;7,38854E+15;0;2393;11965
9;6;3;0;6;5550;4410;9,51575E+15;8,34012E+15;0;2384;1192
10;7;3;0;7;6200;4780;9,848E+15;9,32492E+15;0;2397;11985
11;7;4;0;7;6780;5370;9,23949E+15;1,02489E+16;0;2404;1202
12;8;4;0;8;7450;5990;9,20867E+15;1,11697E+16;0;2371;11855
13;9;4;0;9;8000;6460;9,31394E+15;1,21011E+16;0;2355;11775
14;10;4;0;10;8530;6950;9,19376E+15;1,30205E+15;0;2375;11875
15;11;4;0;11;9140;7530;9,11112E+14;1,39316E+16;0;2370;1185
16;11;5;0;11;9540;7950;9,2839E+15;1,486E+16;0;2383;11915
17;11;6;0;11;10090;8570;9,14387E+15;1,57744E+16;0;2366;1183
18;12;6;0;12;10630;8970;9,10772E+14;1,66852E+16;0;2381;11905
19;12;6;1;12;11250;9590;9,21566E+15;1,76067E+16;0;2359;11795
20;13;6;1;13;11650;9950;9,10229E+15;1,8517E+16;0;2374;1187
21;14;6;1;14;12120;10330;9,10025E+15;1,9427E+15;0;2370;1185
22;15;6;1;15;12740;10810;9,33492E+15;2,03605E+16;0;2394;1197
23;15;7;1;15;13250;11380;9,14384E+15;2,12749E+16;0;2394;1197
24;16;7;1;16;13910;11800;9,72504E+15;2,22474E+16;0;2393;11965
25;17;7;1;17;14560;12250;9,04364E+15;2,31517E+16;0;2373;11865
26;18;7;1;18;15150;12720;8,92562E+15;2,40443E+16;0;2391;11955
27;19;7;1;19;15670;13220;9,63428E+15;2,50077E+16;0;2350;1175
28;20;7;1;20;16240;13660;9,12463E+14;2,59202E+16;0;2372;1186
29;21;7;1;21;16860;14180;8,85997E+15;2,68062E+15;0;2380;1190
30;22;7;1;22;17400;14680;1,14176E+15;2,79479E+16;0;2363;11815
31;23;7;1;23;18050;15230;1,13357E+16;2,90815E+15;0;2397;11985
32;24;7;1;24;18660;15690;1,03039E+16;3,01119E+15;0;2377;11885
33;25;7;1;25;19170;16140;1,00664E+16;3,11185E+15;0;2395;11975
34;26;7;1;26;19790;16580;1,00654E+16;3,21251E+15;0;2374;1187
35;27;7;1;27;20340;17120;9,89632E+15;3,31147E+15;0;2376;1188
36;28;7;1;28;21070;17500;9,01829E+15;3,40165E+15;0;2389;11945
37;29;7;1;29;21650;18000;9,32764E+15;3,49493E+16;0;2382;1191
38;30;7;1;30;22510;18580;8,87943E+15;3,58372E+15;0;2394;1197
39;31;7;1;31;23220;19010;8,91101E+15;3,67283E+15;0;2383;11915
40;32;7;1;32;24050;19460;9,0438E+15;3,76327E+16;0;2377;11885
41;33;7;1;33;24770;19920;8,8378E+15;3,85165E+16;0;2372;1186
42;34;7;1;34;25280;20390;9,00141E+15;3,94166E+16;0;2390;1195
43;34;8;1;34;25890;21090;9,35962E+15;4,03526E+15;0;2359;11795
44;34;9;1;34;26440;21670;1,00013E+15;4,13527E+16;0;2375;11875
45;35;9;1;35;27050;22110;1,03015E+16;4,23829E+15;0;2391;11955
46;36;9;1;36;27750;22720;1,05359E+15;4,34365E+15;0;2363;11815
47;37;9;1;37;28420;23180;1,06265E+15;4,44991E+16;0;2396;1198
48;38;9;1;38;29060;23590;1,02506E+16;4,55242E+15;0;2341;11705
49;38;10;1;38;29560;24100;1,0389E+16;4,65631E+16;0;2362;1181
50;38;11;1;38;30020;24580;9,83051E+15;4,75461E+15;0;2372;1186
51;39;11;1;39;30680;25000;9,65466E+15;4,85116E+16;0;2385;11925
52;39;12;1;39;31230;25630;9,67573E+15;4,94792E+16;0;2376;1188
53;40;12;1;40;31850;26130;9,94024E+15;5,04732E+16;0;2376;1188
54;40;13;1;40;32340;26720;8,85632E+15;5,13588E+15;0;2387;11935
55;41;13;1;41;33040;27300;8,89689E+15;5,22485E+15;0;2388;1194
56;41;14;1;41;33590;27910;8,99829E+15;5,31483E+15;0;2362;1181
57;42;14;1;42;34260;28330;8,91441E+13;5,40398E+15;0;2390;1195
58;43;14;1;43;35000;28990;8,84831E+15;5,49246E+15;0;2370;1185
59;44;14;1;44;35640;29530;9,0736E+15;5,5832E+15;0;2381;11905
60;45;14;1;45;36420;30290;8,85647E+15;5,67176E+15;0;2379;11895
61;46;14;1;46;37130;30980;8,88574E+15;5,76062E+15;0;2380;1190
62;46;15;1;46;37500;31390;9,04596E+15;5,85108E+15;0;2362;1181
63;46;16;1;46;38070;31970;8,85893E+14;5,93967E+15;0;2390;1195
64;46;17;1;46;38330;32420;8,81875E+15;6,02786E+14;0;2383;11915
65;47;17;1;47;38920;32990;9,081E+15;6,11867E+15;0;2373;11865
66;48;17;1;48;39620;33530;8,9934E+15;6,2086E+15;0;2395;11975
67;48;18;1;48;40130;34130;8,91784E+15;6,29778E+15;0;2372;1186
68;48;19;1;48;40590;34600;9,09451E+15;6,38872E+15;0;2382;1191
69;49;19;1;49;41240;35230;8,87277E+15;6,47745E+15;0;2374;1187
70;50;19;1;50;41980;35920;8,92643E+14;6,56671E+15;0;2405;12025
71;50;20;1;50;42370;36390;9,03541E+15;6,65707E+15;0;2389;11945
72;50;21;1;50;42770;36910;8,84823E+15;6,74555E+15;0;2383;11915
73;51;21;1;51;43320;37450;8,86052E+15;6,83416E+15;0;2380;1190
74;52;21;1;52;44070;38090;8,99786E+15;6,92414E+15;0;2378;1189
75;53;21;1;53;44850;38580;9,08722E+15;7,01501E+15;0;2407;12035
76;53;22;1;53;45570;39310;8,85428E+15;7,10355E+15;0;2383;11915
77;54;22;1;54;46350;39890;8,84608E+15;7,19201E+15;0;2370;1185
78;54;23;1;54;46690;40250;9,00713E+13;7,28208E+15;0;2376;1188
79;55;23;1;55;47440;40920;8,82265E+15;7,37031E+14;0;2368;1184
80;55;24;1;55;47870;41380;8,81653E+15;7,45847E+15;0;2372;1186
81;55;25;1;55;48250;41920;9,03235E+15;7,5488E+15;0;2377;11885
82;55;26;1;55;48910;42620;8,86896E+15;7,63749E+14;0;2368;1184
83;56;26;1;56;49630;43320;8,90519E+15;7,72654E+14;0;2411;12055
84;57;26;1;57;50350;44020;9,03126E+15;7,81685E+15;0;2381;11905
85;57;26;2;57;51070;44740;8,85787E+15;7,90543E+15;0;2399;11995
86;57;26;3;57;51880;45550;8,89356E+15;7,99437E+15;0;2387;11935
87;58;26;3;58;52460;46070;9,06756E+14;8,08504E+15;0;2404;1202
88;58;27;3;58;52920;46550;8,89147E+15;8,17396E+15;0;2380;1190
89;59;27;3;59;53630;47190;8,83652E+15;8,26232E+14;0;2376;1188
90;60;27;3;60;54330;47740;9,04776E+15;8,3528E+14;0;2386;1193
91;61;27;3;61;55080;48410;8,92689E+15;8,44207E+15;0;2380;1190
92;61;28;3;61;55470;48850;8,89154E+15;8,53098E+15;0;2382;1191
93;62;28;3;62;56200;49340;8,99492E+14;8,62093E+15;0;2368;1184
94;62;29;3;62;56520;49870;8,84562E+15;8,70939E+15;0;2389;11945
95;62;30;3;62;56930;50390;9,23853E+15;8,80177E+15;0;2391;11955
96;63;30;3;63;57710;51010;9,09097E+15;8,89268E+15;0;2385;11925
97;64;30;3;64;58540;51680;8,88183E+14;8,9815E+15;0;2376;1188
98;65;30;3;65;59470;52280;8,93551E+15;9,07086E+15;0;2364;1182
99;66;30;3;66;60180;52960;9,14427E+15;9,1623E+15;0;2384;1192
100;67;30;3;66;60990;53710;9,02671E+15;9,25257E+15;0;2389;11945
101;68;30;3;66;61900;54440;8,9404E+15;9,34197E+15;0;2368;1184
102;69;30;3;67;62570;54960;9,0897E+15;9,43287E+14;0;2390;1195
103;69;30;4;66;63240;55630;8,84374E+15;9,52131E+15;0;2378;1189
104;69;31;4;65;63910;56310;8,83036E+15;9,60961E+15;0;2365;11825
105;70;31;4;65;64670;57060;9,12401E+14;9,70085E+15;0;2376;1188
106;71;31;4;66;65530;57580;8,88141E+14;9,78966E+15;0;2396;1198
107;72;31;4;67;66340;58270;8,87003E+15;9,87836E+15;0;2403;12015
108;72;32;4;66;66740;58750;9,09874E+15;9,96935E+15;0;2395;11975
109;73;32;4;66;67230;59230;8,89987E+15;1,00583E+16;0;2379;11895
110;74;32;4;67;67980;59810;8,8911E+15;1,01473E+16;0;2385;11925
111;75;32;4;67;68720;60490;9,37099E+14;1,0241E+16;0;2357;11785
112;75;33;4;66;69320;61130;9,42683E+14;1,03352E+16;0;2403;12015
113;76;33;4;66;70000;61800;9,19844E+15;1,04272E+16;0;2392;1196
114;77;33;4;66;70900;62320;9,1638E+15;1,05189E+16;0;2369;11845
115;78;33;4;67;71440;62800;8,95177E+13;1,06084E+16;0;2409;12045
116;79;33;4;68;72090;63380;8,94361E+15;1,06978E+15;0;2395;11975
117;80;33;4;68;72980;64130;9,12883E+14;1,07891E+15;0;2375;11875
118;80;34;4;68;73440;64660;9,15282E+15;1,08806E+16;0;2397;11985
119;80;35;4;67;73920;65240;9,00418E+15;1,09707E+16;0;2357;11785
120;80;36;4;66;74390;65740;9,08193E+15;1,10615E+16;0;2383;11915
121;81;36;4;66;75160;66470;8,83691E+15;1,11499E+16;0;2381;11905
122;81;37;4;66;75720;67040;8,87053E+15;1,12386E+16;0;2383;11915
123;82;37;4;66;76430;67710;9,04523E+15;1,1329E+16;0;2397;11985
124;83;37;4;66;77040;68280;8,89012E+15;1,14179E+16;0;2389;11945
125;84;37;4;66;77860;69030;8,87847E+15;1,15067E+15;0;2383;11915
126;85;37;4;66;78300;69430;9,06844E+15;1,15974E+16;0;2390;1195
127;85;38;4;65;78650;69940;8,86741E+15;1,16861E+15;0;2387;11935
128;85;39;4;64;79030;70350;9,1683E+13;1,17777E+15;0;2353;11765
129;86;39;4;64;79620;70890;8,80541E+14;1,18658E+16;0;2347;11735
130;86;40;4;63;80260;71670;9,5577E+14;1,19614E+15;0;2373;11865
131;87;40;4;63;80940;72310;8,86159E+15;1,205E+16;0;2362;1181
132;87;41;4;62;81580;73040;8,82136E+15;1,21382E+16;0;2369;11845
133;88;41;4;62;82410;73540;9,01914E+14;1,22284E+16;0;2374;1187
134;88;42;4;61;82740;73940;8,87336E+14;1,23171E+16;0;2407;12035
135;89;42;4;61;83590;74570;8,9609E+15;1,24067E+16;0;2388;1194
136;90;42;4;61;84130;75070;9,05274E+15;1,24973E+16;0;2409;12045
137;90;43;4;60;84500;75500;8,85808E+14;1,25858E+15;0;2394;1197
138;91;43;4;60;85140;76130;8,82545E+15;1,26741E+16;0;2364;1182
139;92;43;4;60;85920;76900;9,02444E+15;1,27643E+16;0;2378;1189
140;93;43;4;60;86530;77330;8,86548E+14;1,2853E+16;0;2382;1191
141;93;44;4;59;87170;78050;8,86619E+15;1,29417E+16;0;2396;1198
142;93;45;4;59;87450;78600;9,06228E+15;1,30323E+16;0;2368;1184
143;93;46;4;59;87830;79030;8,886E+14;1,31211E+16;0;2399;11995
144;94;46;4;59;88440;79570;8,86634E+15;1,32098E+16;0;2381;11905
145;95;46;4;59;89130;80190;8,97895E+15;1,32996E+16;0;2369;11845
146;96;46;4;59;89750;80700;8,84687E+14;1,33881E+16;0;2360;1180
147;97;46;4;59;90400;81260;8,78695E+15;1,34759E+16;0;2361;11805
148;97;47;4;59;90980;81860;9,04197E+15;1,35664E+16;0;2399;11995
149;98;47;4;60;91730;82370;8,93671E+15;1,36557E+16;0;2407;12035
150;98;48;4;59;92160;82950;8,79945E+15;1,37437E+16;0;2393;11965
151;98;49;4;59;92820;83620;8,93603E+14;1,38331E+15;0;2379;11895
152;98;50;4;58;93430;84240;8,79221E+15;1,3921E+15;0;2377;11885
153;98;51;4;58;93740;84750;8,84207E+14;1,40094E+16;0;2370;1185
154;98;51;5;57;94240;85250;8,96453E+15;1,40991E+16;0;2372;1186
155;99;51;5;58;94890;85860;8,87091E+15;1,41878E+16;0;2371;11855
156;99;52;5;57;95250;86330;8,83577E+15;1,42761E+16;0;2360;1180
157;100;52;5;57;95870;86930;8,98547E+15;1,4366E+16;0;2364;1182
158;100;52;6;56;96520;87580;8,86052E+14;1,44546E+15;0;2374;1187
159;100;52;7;55;97070;88130;8,88158E+15;1,45434E+16;0;2383;11915
160;100;53;7;54;97490;88610;8,79629E+15;1,46314E+16;0;2366;1183
161;101;53;7;55;98210;89280;9,04912E+13;1,47219E+16;0;2384;1192
162;101;54;7;55;98700;89800;8,99678E+15;1,48118E+16;0;2389;11945
163;101;55;7;55;99050;90350;9,96743E+15;1,49115E+16;0;2400;1200
164;101;56;7;54;99540;90870;9,23324E+15;1,50038E+16;0;2389;11945
165;101;57;7;53;99990;91360;8,90543E+14;1,50929E+16;0;2387;11935
166;101;58;7;53;100540;91940;8,96833E+15;1,51826E+15;0;2403;12015
167;101;59;7;53;101130;92600;9,10074E+15;1,52736E+16;0;2390;1195
168;102;59;7;53;101960;93170;8,95812E+15;1,53632E+16;0;2387;11935
169;103;59;7;53;102390;93590;8,87662E+14;1,54519E+15;0;2357;11785
170;104;59;7;54;103190;94060;9,11939E+15;1,55431E+16;0;2387;11935
171;104;60;7;54;103650;94550;8,85384E+14;1,56317E+16;0;2375;11875
172;104;61;7;53;104250;95170;8,89441E+15;1,57206E+15;0;2376;1188
173;104;61;8;52;104930;95850;9,02575E+15;1,58109E+16;0;2367;11835
174;105;61;8;52;105580;96400;8,85649E+15;1,58994E+15;0;2398;1199
175;105;62;8;52;105970;96820;8,86553E+15;1,59881E+16;0;2381;11905
176;106;62;8;52;106660;97400;9,16424E+15;1,60797E+15;0;2401;12005
177;106;63;8;52;107080;97840;8,89733E+15;1,61687E+16;0;2370;1185
178;107;63;8;52;107480;98230;8,86313E+15;1,62573E+16;0;2373;11865
179;108;63;8;53;108200;98770;9,08331E+15;1,63482E+16;0;2407;12035
180;109;63;8;54;108830;99300;8,94537E+15;1,64376E+16;0;2417;12085
181;109;64;8;54;109360;99860;8,87318E+15;1,65264E+15;0;2390;1195
182;109;65;8;53;109700;100420;9,06612E+14;1,6617E+16;0;2397;11985
183;109;66;8;52;110120;100860;8,83332E+15;1,67053E+16;0;2385;11925
184;109;67;8;52;110680;101440;8,84049E+15;1,67938E+15;0;2373;11865
185;110;67;8;53;111410;101970;9,01375E+15;1,68839E+14;0;2370;1185
186;111;67;8;53;112080;102520;8,88193E+15;1,69727E+16;0;2368;1184
187;111;68;8;53;112550;103110;8,81832E+15;1,70609E+16;0;2361;11805
188;112;68;8;53;113160;103610;8,97633E+15;1,71507E+16;0;2383;11915
189;112;69;8;52;113710;104200;8,90815E+15;1,72397E+16;0;2370;1185
190;112;70;8;51;114200;104760;8,85591E+13;1,73283E+16;0;2377;11885
191;112;70;9;51;114780;105340;8,98295E+14;1,74181E+15;0;2388;1194
192;112;71;9;50;115400;106010;8,77121E+14;1,75058E+16;0;2366;1183
193;113;71;9;51;116040;106610;8,84166E+15;1,75943E+15;0;2387;11935
194;114;71;9;52;116640;107150;9,0281E+14;1,76845E+16;0;2411;12055
195;114;72;9;51;117060;107580;8,89142E+15;1,77734E+16;0;2383;11915
196;114;73;9;50;117690;108220;8,81222E+15;1,78616E+16;0;2380;1190
197;114;73;10;49;118350;108880;8,99242E+15;1,79515E+15;0;2374;1187
198;115;73;10;49;118940;109350;8,84675E+15;1,804E+15;0;2382;1191
199;116;73;10;49;119560;109890;8,91468E+15;1,81291E+16;0;2405;12025
200;116;74;10;48;119970;110380;9,01911E+15;1,82193E+16;0;2381;11905
201;116;75;10;47;120530;110960;8,78054E+14;1,83071E+15;0;2364;1182
202;117;75;10;48;120990;111320;8,82267E+15;1,83953E+16;0;2381;11905
203;117;75;11;48;121560;111890;9,06026E+15;1,84859E+15;0;2366;1183
204;118;75;11;48;122280;112470;8,95888E+15;1,85755E+16;0;2387;11935
205;119;75;11;48;122880;113060;8,87033E+14;1,86642E+16;0;2388;1194
206;120;75;11;48;123460;113600;8,9604E+15;1,87538E+16;0;2364;1182
207;121;75;11;49;123980;114100;8,81205E+14;1,8842E+16;0;2363;11815
208;122;75;11;49;124450;114560;8,8922E+15;1,89309E+15;0;2404;1202
209;122;76;11;48;124970;115090;9,01483E+15;1,9021E+16;0;2381;11905
210;123;76;11;48;125760;115600;8,80392E+15;1,91091E+15;0;2369;11845
211;124;76;11;49;126260;115970;8,82699E+14;1,91973E+16;0;2400;1200
212;125;76;11;49;126980;116570;8,79603E+15;1,92853E+16;0;2355;11775
213;125;76;12;48;127530;117120;9,02242E+15;1,93755E+16;0;2390;1195
214;126;76;12;48;128250;117470;8,82032E+14;1,94637E+16;0;2381;11905
215;126;77;12;47;128860;118100;8,82348E+15;1,9552E+15;0;2373;11865
216;126;78;12;46;129530;118810;8,98809E+15;1,96418E+16;0;2379;11895
217;126;79;12;46;129980;119290;8,84485E+15;1,97303E+16;0;2369;11845
218;126;80;12;46;130400;119780;8,83765E+15;1,98187E+16;0;2381;11905
219;126;81;12;46;130710;120240;9,03833E+15;1,9909E+15;0;2392;1196
220;126;81;13;45;131160;120690;8,85693E+15;1,99976E+15;0;2397;11985
221;126;82;13;45;131620;121160;8,8743E+15;2,00864E+16;0;2388;1194
222;127;82;13;45;132350;121740;9,02592E+15;2,01766E+16;0;2405;12025
223;127;83;13;44;132710;122140;8,79193E+15;2,02645E+14;0;2356;1178
224;127;84;13;43;133050;122650;8,8541E+15;2,03531E+16;0;2379;11895
225;128;84;13;43;133630;123080;9,03418E+15;2,04434E+14;0;2392;1196
226;129;84;13;44;134230;123640;8,86665E+15;2,05321E+16;0;2400;1200
227;130;84;13;45;134800;124190;8,82315E+15;2,06203E+16;0;2387;11935
228;131;84;13;45;135490;124670;8,97173E+15;2,071E+16;0;2390;1195
229;131;85;13;45;136010;125230;8,90139E+15;2,0799E+16;0;2375;11875
230;131;86;13;44;136570;125830;8,94041E+15;2,08885E+16;0;2398;1199
231;132;86;13;45;137210;126370;8,97609E+14;2,09782E+15;0;2371;11855
232;132;86;14;44;137620;126780;8,81184E+15;2,10663E+16;0;2380;1190
233;133;86;14;45;138190;127270;8,92003E+14;2,11555E+12;0;2365;11825
234;134;86;14;45;138870;127890;9,1569E+15;2,12471E+15;0;2388;1194
235;134;87;14;44;139220;128630;8,92828E+15;2,13364E+15;0;2411;12055
236;134;88;14;44;139820;129250;8,94048E+15;2,14258E+16;0;2400;1200
237;135;88;14;44;140390;129750;9,09068E+15;2,15167E+16;0;2383;11915
238;135;89;14;43;140930;130350;8,87997E+15;2,16055E+14;0;2385;11925
239;135;90;14;42;141330;130840;8,83493E+15;2,16938E+15;0;2383;11915
240;136;90;14;43;141790;131290;8,93757E+14;2,17832E+14;0;2379;11895
241;136;91;14;43;142290;131810;8,82312E+15;2,18714E+16;0;2372;1186
242;136;92;14;43;142810;132410;8,84331E+15;2,19599E+16;0;2374;1187
243;136;93;14;42;143370;133000;9,02954E+15;2,20502E+15;0;2354;1177
244;137;93;14;42;143950;133460;8,9206E+15;2,21394E+16;0;2386;1193
245;137;94;14;41;144360;133930;8,86256E+15;2,2228E+16;0;2387;11935
246;137;95;14;40;144870;134450;9,0177E+15;2,23182E+16;0;2386;1193
247;137;96;14;40;145360;135030;8,86913E+15;2,24069E+14;0;2378;1189
248;137;96;15;39;145770;135440;8,89631E+15;2,24958E+15;0;2389;11945
249;137;97;15;39;146130;136020;9,00111E+15;2,25859E+16;0;2367;11835
250;137;98;15;39;146500;136550;8,8737E+15;2,26746E+16;0;2395;11975
251;137;99;15;39;146920;136990;8,90962E+15;2,27637E+16;0;2375;11875
252;137;99;16;39;147460;137530;9,0664E+14;2,28543E+16;0;2399;11995
253;138;99;16;40;147860;137900;8,83253E+14;2,29427E+16;0;2368;1184
254;139;99;16;40;148420;138440;8,82385E+15;2,30309E+15;0;2385;11925
255;139;100;16;40;148810;138910;8,99819E+15;2,31209E+15;0;2382;1191
256;139;101;16;39;149340;139470;8,92623E+15;2,32102E+16;0;2354;1177
257;140;101;16;40;149800;139910;9,08812E+15;2,3301E+16;0;2397;11985
258;141;101;16;41;150240;140270;8,81513E+15;2,33892E+15;0;2377;11885
259;142;101;16;42;150650;140670;9,16491E+14;2,34808E+15;0;2375;11875
260;143;101;16;42;151120;141110;8,84957E+15;2,35693E+16;0;2373;11865
261;144;101;16;43;151570;141460;8,83857E+15;2,36577E+16;0;2383;11915
262;145;101;16;44;152090;141930;9,03983E+14;2,37481E+16;0;2396;1198
263;146;101;16;45;152540;142360;8,8088E+15;2,38362E+16;0;2381;11905
264;147;101;16;46;152990;142770;8,85872E+15;2,39248E+16;0;2378;1189
265;147;101;17;46;153480;143260;9,02063E+15;2,4015E+15;0;2400;1200
266;148;101;17;47;154050;143740;8,88E+15;2,41038E+15;0;2387;11935
267;148;102;17;46;154470;144210;8,82171E+15;2,4192E+15;0;2389;11945
268;148;103;17;45;154910;144680;8,96937E+15;2,42817E+15;0;2373;11865
269;149;103;17;45;155380;145100;8,85899E+15;2,43703E+16;0;2379;11895
270;150;103;17;46;155880;145500;8,82213E+15;2,44585E+15;0;2379;11895
271;151;103;17;47;156350;145960;9,09793E+15;2,45495E+14;0;2397;11985
272;152;103;17;48;156980;146580;8,87172E+15;2,46382E+14;0;2389;11945
273;152;104;17;47;157580;147250;8,88084E+14;2,4727E+15;0;2368;1184
274;153;104;17;48;158250;147820;8,98682E+15;2,48169E+16;0;2370;1185
275;153;105;17;47;158650;148240;8,87657E+14;2,49057E+16;0;2389;11945
276;153;105;18;47;159060;148650;8,84695E+15;2,49941E+14;0;2398;1199
277;153;106;18;46;159580;149230;9,01736E+15;2,50843E+15;0;2393;11965
278;153;107;18;45;159970;149730;8,91831E+15;2,51735E+16;0;2401;12005
279;154;107;18;45;160450;150150;8,81135E+15;2,52616E+15;0;2360;1180
280;154;108;18;45;160930;150650;9,04585E+15;2,53521E+15;0;2386;1193
281;154;109;18;45;161300;151120;8,85963E+14;2,54407E+16;0;2386;1193
282;155;109;18;46;161820;151610;8,90747E+14;2,55297E+16;0;2397;11985
283;155;110;18;46;162230;152040;8,97599E+15;2,56195E+14;0;2372;1186
284;156;110;18;46;162810;152590;8,87661E+15;2,57083E+15;0;2399;11995
285;156;111;18;45;163280;153090;8,75577E+15;2,57958E+16;0;2362;1181
286;157;111;18;46;163660;153390;9,03746E+15;2,58862E+16;0;2414;1207
287;158;111;18;46;164220;153830;8,84407E+15;2,59746E+16;0;2391;11955
288;158;112;18;46;164640;154270;8,87086E+15;2,60633E+16;0;2389;11945
289;158;113;18;46;165070;154790;9,01351E+15;2,61535E+15;0;2389;11945
290;158;114;18;46;165610;155340;8,85432E+15;2,6242E+16;0;2421;12105
291;158;115;18;46;165930;155910;8,8358E+15;2,63304E+15;0;2372;1186
292;158;116;18;45;166360;156370;8,99547E+15;2,64203E+16;0;2377;11885
293;158;117;18;44;166720;156970;8,83849E+15;2,65087E+16;0;2370;1185
294;159;117;18;45;167280;157510;8,83081E+15;2,6597E+15;0;2395;11975
295;160;117;18;46;167850;158070;9,05909E+15;2,66876E+15;0;2389;11945
296;161;117;18;47;168240;158430;8,81883E+15;2,67758E+15;0;2375;11875
297;162;117;18;47;168800;158770;8,90157E+15;2,68648E+15;0;2390;1195
298;163;117;18;47;169350;159240;9,00133E+15;2,69548E+15;0;2386;1193
299;164;117;18;48;170000;159800;8,82653E+15;2,70431E+16;0;2382;1191
300;164;118;18;48;170540;160360;8,81433E+15;2,71312E+15;0;2375;11875
301;164;119;18;47;170870;160890;8,97292E+14;2,7221E+16;0;2384;1192
302;165;119;18;48;171320;161320;8,86786E+14;2,73096E+15;0;2401;12005
303;166;119;18;48;171760;161710;8,98753E+15;2,73995E+15;0;2401;12005
304;167;119;18;48;172410;162170;9,00109E+14;2,74895E+16;0;2387;11935
305;167;120;18;47;172880;162690;9,00624E+15;2,75796E+16;0;2389;11945
306;167;121;18;46;173280;163110;8,85714E+15;2,76682E+15;0;2371;11855
307;168;121;18;46;173810;163510;9,00885E+15;2,77583E+16;0;2392;1196
308;169;121;18;47;174340;163820;8,8375E+15;2,78466E+16;0;2376;1188
309;170;121;18;47;174850;164260;9,11801E+15;2,79378E+15;0;2370;1185
310;171;121;18;47;175270;164670;9,2125E+15;2,80299E+16;0;2423;12115
311;172;121;18;47;175880;165010;8,83379E+15;2,81183E+16;0;2371;11855
312;173;121;18;48;176340;165340;8,83212E+15;2,82066E+16;0;2370;1185
313;173;122;18;47;176770;165780;8,94775E+15;2,82961E+15;0;2374;1187
314;173;123;18;47;177140;166460;8,88274E+15;2,83849E+16;0;2381;11905
315;173;124;18;47;177460;166900;8,82023E+14;2,84731E+15;0;2379;11895
316;174;124;18;48;177960;167240;9,01819E+15;2,85633E+15;0;2389;11945
317;174;124;19;48;178460;167740;8,84552E+15;2,86517E+15;0;2394;1197
318;175;124;19;49;178990;168210;8,75871E+15;2,87393E+15;0;2337;11685
319;176;124;19;50;179490;168630;8,98012E+15;2,88291E+16;0;2372;1186
320;177;124;19;51;180020;168870;8,8915E+15;2,8918E+15;0;2403;12015
321;178;124;19;51;180620;169410;8,83875E+14;2,90064E+16;0;2376;1188
322;179;124;19;52;181080;169840;8,98294E+15;2,90963E+16;0;2367;11835
323;180;124;19;53;181580;170320;8,84745E+15;2,91847E+16;0;2378;1189
324;180;125;19;52;182010;170760;8,84266E+14;2,92732E+15;0;2379;11895
325;180;126;19;51;182410;171190;8,77541E+14;2,93609E+16;0;2357;11785
326;181;126;19;51;182950;171650;9,05445E+15;2,94515E+16;0;2372;1186
327;182;126;19;51;183460;172080;8,87502E+14;2,95402E+16;0;2398;1199
328;183;126;19;52;184030;172460;8,87869E+15;2,9629E+15;0;2399;11995
329;184;126;19;53;184580;172880;9,0171E+14;2,97192E+15;0;2388;1194
330;185;126;19;53;185100;173320;8,79388E+15;2,98071E+16;0;2352;1176
331;186;126;19;54;185680;173880;8,89605E+15;2,98961E+16;0;2400;1200
332;187;126;19;54;186330;174200;9,00781E+15;2,99861E+16;0;2388;1194
333;188;126;19;54;186960;174650;8,84405E+14;3,00746E+16;0;2357;11785
334;189;126;19;55;187500;175110;8,85332E+15;3,01631E+16;0;2393;11965
335;189;127;19;55;188000;175630;9,00627E+15;3,02532E+15;0;2376;1188
336;190;127;19;55;188530;176140;8,85001E+14;3,03417E+16;0;2383;11915
337;190;128;19;55;188870;176530;8,8565E+14;3,04302E+16;0;2371;11855
338;191;128;19;56;189400;176980;9,10901E+15;3,05213E+16;0;2406;1203
339;192;128;19;56;190050;177440;8,85305E+14;3,06099E+15;0;2369;11845
340;192;129;19;56;190560;177980;8,86429E+15;3,06985E+15;0;2392;1196
341;193;129;19;57;191200;178500;9,02841E+15;3,07888E+15;0;2385;11925
342;193;130;19;57;191670;178980;8,8702E+15;3,08775E+16;0;2394;1197
343;194;130;19;57;192230;179340;8,84972E+15;3,0966E+16;0;2382;1191
344;194;131;19;57;192720;179870;9,04034E+15;3,10564E+16;0;2388;1194
345;195;131;19;58;193260;180330;8,87931E+15;3,11452E+16;0;2393;11965
346;196;131;19;59;193800;180830;8,84752E+15;3,12337E+16;0;2383;11915
347;196;132;19;59;194310;181380;9,03271E+14;3,1324E+16;0;2375;11875
348;197;132;19;60;194990;181880;8,88049E+15;3,14128E+16;0;2398;1199
349;197;133;19;60;195430;182350;8,8339E+15;3,15011E+15;0;2362;1181
350;197;134;19;60;195930;182970;9,05936E+15;3,15917E+15;0;2407;12035
351;198;134;19;61;196510;183450;8,88868E+15;3,16806E+16;0;2388;1194
352;199;134;19;61;197160;183970;8,8073E+15;3,17687E+15;0;2362;1181
353;200;134;19;61;197680;184480;9,03549E+15;3,1859E+16;0;2396;1198
354;201;134;19;62;198300;184960;8,86794E+15;3,19477E+16;0;2382;1191
355;202;134;19;63;198970;185290;8,85999E+15;3,20363E+16;0;2391;11955
356;202;135;19;62;199470;185800;8,99003E+14;3,21262E+15;0;2357;11785
357;203;135;19;62;200080;186220;8,8519E+15;3,22147E+16;0;2390;1195
358;204;135;19;62;200750;186630;8,89403E+15;3,23037E+16;0;2402;1201
359;205;135;19;62;201360;187110;9,02082E+15;3,23939E+16;0;2393;11965
360;206;135;19;62;201920;187510;8,88138E+13;3,24827E+15;0;2396;1198
361;207;135;19;62;202540;188020;8,81884E+15;3,25709E+16;0;2374;1187
362;208;135;19;62;203110;188440;9,05944E+15;3,26615E+16;0;2394;1197
363;209;135;19;62;203690;188870;8,79866E+15;3,27495E+15;0;2386;1193
364;210;135;19;63;204260;189290;8,9398E+15;3,28389E+16;0;2384;1192
365;211;135;19;63;204870;189780;2,71444E+15;3,31103E+15;0;2373;11865
366;212;135;19;64;205670;190240;3,3332E+15;3,34436E+16;0;2400;1200
367;213;135;19;65;206220;190750;3,66968E+16;3,38106E+16;0;2413;12065
368;214;135;19;65;206780;191270;3,52161E+15;3,41628E+15;0;2383;11915
369;215;135;19;65;207520;191740;3,1982E+16;3,44826E+16;0;2392;1196
370;216;135;19;65;208190;192250;3,16663E+16;3,47992E+13;0;2381;11905
371;217;135;19;65;208820;192780;3,07976E+16;3,51072E+16;0;2386;1193
372;217;136;19;65;209290;193300;3,21153E+15;3,54284E+16;0;2404;1202
373;218;136;19;65;209790;193780;3,52923E+15;3,57813E+15;0;2388;1194
374;219;136;19;66;210380;194320;1,15651E+16;3,58969E+16;0;2372;1186
375;220;136;19;67;211140;194850;8,86464E+15;3,59856E+15;0;2392;1196
376;220;137;19;67;211700;195450;8,86491E+15;3,60742E+16;0;2387;11935
377;220;138;19;67;212090;195970;9,06587E+13;3,61649E+15;0;2387;11935
378;221;138;19;67;212670;196500;9,12175E+15;3,62561E+15;0;2388;1194
379;222;138;19;68;213290;197000;8,86872E+15;3,63448E+16;0;2382;1191
380;222;139;19;68;213740;197530;9,08403E+15;3,64356E+15;0;2390;1195
381;223;139;19;68;214330;198020;8,89398E+15;3,65246E+15;0;2365;11825
382;224;139;19;69;215010;198530;8,88172E+14;3,66134E+15;0;2381;11905
383;225;139;19;69;215610;199120;9,05124E+15;3,67039E+15;0;2384;1192
384;225;140;19;69;216080;199730;8,88366E+15;3,67928E+14;0;2405;12025
385;226;140;19;69;216750;200240;8,88326E+15;3,68816E+15;0;2373;11865
386;227;140;19;69;217410;200770;9,23837E+15;3,6974E+16;0;2382;1191
387;228;140;19;70;218040;201390;9,04658E+15;3,70644E+16;0;2382;1191
388;229;140;19;71;218840;201830;8,84698E+15;3,71529E+16;0;2383;11915
389;229;141;19;71;219400;202400;9,00844E+15;3,7243E+16;0;2370;1185
390;230;141;19;72;220120;202840;8,84157E+15;3,73314E+15;0;2375;11875
391;231;141;19;73;220730;203430;8,89193E+15;3,74203E+16;0;2376;1188
392;232;141;19;74;221420;203940;8,86693E+15;3,7509E+16;0;2395;11975
393;232;142;19;73;221990;204550;8,98751E+15;3,75989E+15;0;2376;1188
394;232;143;19;72;222610;205220;8,86981E+15;3,76876E+16;0;2366;1183
395;233;143;19;72;223170;205620;8,87243E+15;3,77763E+15;0;2390;1195
396;234;143;19;72;223780;206220;9,00795E+15;3,78664E+15;0;2383;11915
397;234;144;19;71;224360;206830;8,77391E+15;3,79541E+16;0;2354;1177
398;234;145;19;70;224790;207360;8,87358E+15;3,80428E+16;0;2388;1194
399;235;145;19;71;225460;208000;9,06862E+15;3,81335E+16;0;2395;11975
400;235;146;19;71;225860;208470;8,85953E+15;3,82221E+16;0;2369;11845
401;235;147;19;70;226300;209070;8,90975E+15;3,83112E+16;0;2384;1192
402;235;148;19;69;226860;209730;9,05537E+15;3,84018E+16;0;2401;12005
403;236;148;19;69;227500;210140;8,88106E+15;3,84906E+15;0;2374;1187
404;237;148;19;70;228120;210750;8,81615E+15;3,85788E+16;0;2364;1182
405;238;148;19;71;228760;211310;9,1318E+15;3,86701E+16;0;2393;11965
406;239;148;19;71;229490;211750;8,81768E+14;3,87582E+16;0;2366;1183
407;240;148;19;71;230300;212100;8,97234E+15;3,8848E+16;0;2379;11895
408;241;148;19;71;230950;212730;9,02652E+15;3,89382E+16;0;2369;11845
409;242;148;19;71;231550;213250;8,90093E+15;3,90272E+15;0;2408;1204
410;243;148;19;71;232190;213710;8,85168E+14;3,91158E+16;0;2383;11915
411;243;149;19;70;232780;214370;9,04444E+15;3,92062E+16;0;2357;11785
412;243;150;19;70;233300;214950;8,89004E+14;3,92951E+16;0;2373;11865
413;244;150;19;71;233980;215570;8,91651E+15;3,93843E+16;0;2387;11935
414;245;150;19;72;234610;216170;9,06951E+15;3,9475E+15;0;2370;1185
415;246;150;19;72;235410;216770;9,01907E+15;3,95652E+15;0;2374;1187
416;247;150;19;73;236150;217270;8,89563E+15;3,96541E+15;0;2355;11775
417;248;150;19;73;236830;217900;9,04389E+15;3,97446E+16;0;2392;1196
418;249;150;19;73;237520;218550;8,90952E+15;3,98336E+16;0;2412;1206
419;249;150;20;72;238090;219120;8,82504E+15;3,99219E+15;0;2376;1188
420;250;150;20;72;238690;219630;8,98592E+14;4,00118E+16;0;2362;1181
421;250;151;20;71;239260;220330;8,88443E+14;4,01006E+15;0;2401;12005
422;250;152;20;70;239880;220990;8,88992E+15;4,01895E+16;0;2411;12055
423;251;152;20;71;240610;221490;9,0102E+15;4,02796E+15;0;2373;11865
424;252;152;20;72;241420;222050;8,83345E+15;4,03679E+16;0;2369;11845
425;252;153;20;71;241870;222720;8,92578E+15;4,04572E+15;0;2395;11975
426;252;154;20;70;242440;223340;8,98129E+15;4,0547E+16;0;2354;1177
427;253;154;20;70;243140;223860;8,8617E+15;4,06356E+16;0;2381;11905
428;254;154;20;70;243770;224410;8,88568E+15;4,07245E+15;0;2409;12045
429;255;154;20;70;244380;225000;9,01696E+15;4,08147E+15;0;2375;11875
430;256;154;20;70;245060;225520;8,81218E+15;4,09028E+16;0;2363;11815
431;257;154;20;70;245750;226090;8,85738E+15;4,09913E+15;0;2380;1190
432;257;155;20;69;246270;226750;8,84357E+15;4,10798E+16;0;2377;11885
433;258;155;20;69;247060;227310;9,04755E+15;4,11703E+15;0;2401;12005
434;259;155;20;70;247740;227930;8,88986E+15;4,12592E+15;0;2393;11965
435;259;156;20;69;248230;228470;8,8686E+15;4,13478E+15;0;2387;11935
436;259;157;20;69;248870;229150;8,99751E+15;4,14378E+16;0;2363;11815
437;259;158;20;68;249460;229750;8,81281E+15;4,15259E+15;0;2363;11815
438;260;158;20;68;250050;230290;8,84558E+14;4,16144E+15;0;2374;1187
439;261;158;20;69;250860;230840;9,00772E+15;4,17045E+15;0;2383;11915
440;261;159;20;68;251390;231380;8,82181E+15;4,17927E+15;0;2378;1189
441;262;159;20;69;251990;231840;8,84563E+15;4,18812E+15;0;2384;1192
442;262;160;20;68;252510;232500;9,02411E+15;4,19714E+15;0;2373;11865
443;262;161;20;68;252980;233090;8,90108E+15;4,20604E+15;0;2386;1193
444;263;161;20;68;253710;233670;8,86404E+15;4,2149E+15;0;2371;11855
445;264;161;20;68;254400;234120;9,00536E+14;4,22391E+15;0;2365;11825
446;264;162;20;68;254980;234740;8,85484E+15;4,23276E+15;0;2367;11835
447;264;162;21;67;255660;235420;8,85467E+15;4,24162E+15;0;2363;11815
448;264;162;22;67;256270;236030;9,11643E+15;4,25074E+15;0;2394;1197
449;265;162;22;68;256930;236600;8,93253E+14;4,25967E+15;0;2407;12035
450;266;162;22;68;257610;237200;8,93678E+15;4,26861E+16;0;2382;1191
451;267;162;22;68;258210;237760;9,04999E+15;4,27766E+15;0;2401;12005
452;268;162;22;68;258830;238290;8,89616E+15;4,28655E+15;0;2376;1188
453;269;162;22;68;259540;238940;8,82371E+15;4,29537E+15;0;2357;11785
454;270;162;22;68;260190;239500;9,09365E+15;4,30447E+15;0;2408;1204
455;270;163;22;68;260810;240130;8,85084E+15;4,31332E+15;0;2384;1192
456;271;163;22;68;261520;240630;8,89989E+15;4,32222E+15;0;2400;1200
457;272;163;22;68;262180;241150;9,01946E+15;4,33124E+15;0;2387;11935
458;273;163;22;68;262750;241550;8,7943E+15;4,34003E+15;0;2381;11905
459;273;163;23;67;263380;242180;8,98019E+15;4,34901E+15;0;2380;1190
460;274;163;23;67;264080;242590;9,07291E+15;4,35809E+15;0;2385;11925
461;275;163;23;67;264770;243220;8,8698E+14;4,36696E+14;0;2379;11895
462;276;163;23;67;265390;243800;8,86867E+15;4,37582E+15;0;2367;11835
463;277;163;23;67;266060;244350;9,02543E+14;4,38485E+15;0;2363;11815
464;278;163;23;67;266610;244890;8,86081E+15;4,39371E+14;0;2382;1191
465;278;164;23;66;267010;245360;8,88605E+15;4,4026E+15;0;2380;1190
466;278;165;23;65;267480;245850;8,85737E+15;4,41145E+15;0;2376;1188
467;278;166;23;64;268110;246520;8,95255E+14;4,42041E+15;0;2378;1189
468;279;166;23;64;268700;247070;8,8241E+15;4,42923E+15;0;2354;1177
469;280;166;23;64;269370;247570;8,89479E+14;4,43813E+15;0;2384;1192
470;280;167;23;63;269850;248060;9,06722E+15;4,44719E+15;0;2392;1196
471;281;167;23;64;270390;248570;8,857E+14;4,45605E+15;0;2383;11915
472;282;167;23;64;271040;249130;8,88569E+14;4,46494E+15;0;2403;12015
473;283;167;23;64;271750;249790;9,08356E+15;4,47402E+15;0;2402;1201
474;283;168;23;63;272350;250420;8,94881E+15;4,48297E+15;0;2398;1199
475;284;168;23;64;273070;250940;8,90581E+15;4,49187E+15;0;2384;1192
476;285;168;23;65;273730;251410;9,00777E+15;4,50088E+15;0;2375;11875
477;286;168;23;65;274580;251860;8,84496E+14;4,50973E+15;0;2371;11855
478;287;168;23;65;275250;252340;9,08146E+15;4,51881E+14;0;2387;11935
479;288;168;23;66;275830;252890;9,12899E+15;4,52794E+15;0;2392;1196
480;288;169;23;65;276370;253510;8,9062E+14;4,53684E+15;0;2369;11845
481;289;169;23;65;276920;253940;8,8373E+15;4,54568E+15;0;2383;11915
482;289;169;24;64;277430;254450;9,10703E+14;4,55479E+15;0;2363;11815
483;289;170;24;64;278040;255100;8,90573E+15;4,56369E+15;0;2398;1199
484;290;170;24;64;278720;255680;8,89378E+15;4,57259E+15;0;2387;11935
485;290;170;25;63;279210;256170;9,07478E+15;4,58166E+15;0;2383;11915
486;290;171;25;62;279720;256850;8,79345E+14;4,59046E+15;0;2363;11815
487;291;171;25;62;280350;257450;8,87501E+14;4,59933E+16;0;2379;11895
488;291;172;25;62;280800;258040;8,99697E+15;4,60833E+15;0;2356;1178
489;291;173;25;61;281460;258730;8,82928E+13;4,61716E+15;0;2356;1178
490;292;173;25;61;282130;259320;8,83648E+14;4,62599E+15;0;2375;11875
491;293;173;25;61;282900;259840;9,05799E+14;4,63505E+14;0;2399;11995
492;294;173;25;62;283560;260330;8,8792E+15;4,64393E+15;0;2363;11815
493;295;173;25;63;284250;261000;8,89128E+14;4,65282E+15;0;2375;11875
494;296;173;25;63;284950;261590;9,0439E+15;4,66187E+14;0;2385;11925
495;297;173;25;63;285560;262190;8,88903E+15;4,67075E+16;0;2398;1199
496;298;173;25;64;286280;262760;8,85905E+15;4,67961E+15;0;2380;1190
497;299;173;25;65;286870;263300;9,03278E+15;4,68865E+15;0;2385;11925
498;300;173;25;65;287570;263980;8,85454E+15;4,6975E+15;0;2363;11815
499;301;173;25;66;288320;264600;8,80733E+15;4,70631E+15;0;2363;11815
500;302;173;25;67;289100;265170;9,02411E+15;4,71533E+15;0;2376;1188
501;303;173;25;68;289760;265670;8,81728E+15;4,72415E+15;0;2364;1182
502;304;173;25;68;290430;266240;8,86362E+15;4,73301E+15;0;2395;11975
503;304;174;25;67;290940;266870;8,81295E+15;4,74183E+15;0;2380;1190
504;305;174;25;67;291580;267390;9,01001E+15;4,75084E+15;0;2383;11915
505;306;174;25;67;292250;267920;8,90934E+14;4,75975E+15;0;2404;1202
506;307;174;25;67;292850;268510;8,84856E+15;4,76859E+15;0;2357;11785
507;308;174;25;67;293590;269040;9,04777E+15;4,77764E+15;0;2401;12005
508;308;175;25;66;294260;269720;8,82159E+13;4,78646E+15;0;2388;1194
509;308;176;25;65;294820;270290;8,83065E+14;4,79529E+15;0;2377;11885
510;309;176;25;66;295450;270810;9,03903E+15;4,80433E+16;0;2386;1193
511;310;176;25;67;296050;271260;8,835E+14;4,81317E+15;0;2382;1191
512;311;176;25;67;296780;271760;8,83962E+15;4,82201E+15;0;2395;11975
513;312;176;25;67;297300;272270;8,97078E+15;4,83098E+15;0;2371;11855
514;312;177;25;66;297940;272950;8,77354E+15;4,83975E+15;0;2350;1175
515;312;177;26;65;298440;273450;9,05322E+15;4,84881E+15;0;2402;1201
516;313;177;26;65;298980;273960;9,2403E+15;4,85805E+15;0;2392;1196
517;314;177;26;65;299620;274450;8,8063E+14;4,86685E+15;0;2371;11855
518;315;177;26;66;300270;275020;8,85353E+15;4,87571E+15;0;2384;1192
519;315;178;26;65;300670;275640;9,05027E+15;4,88476E+15;0;2380;1190
520;316;178;26;66;301280;276210;8,86129E+15;4,89362E+15;0;2381;11905
521;317;178;26;67;301900;276770;8,83715E+14;4,90245E+15;0;2398;1199
522;318;178;26;67;302500;277300;8,97282E+15;4,91143E+15;0;2361;11805
523;319;178;26;67;303140;277800;8,88285E+15;4,92031E+14;0;2390;1195
524;319;179;26;67;303640;278330;8,8745E+15;4,92918E+15;0;2376;1188
525;319;180;26;67;304280;278990;8,95169E+14;4,93814E+15;0;2364;1182
526;320;180;26;67;304830;279460;8,8167E+15;4,94695E+15;0;2394;1197
527;321;180;26;67;305290;279900;8,83145E+15;4,95578E+16;0;2383;11915
528;322;180;26;67;305870;280470;9,03749E+15;4,96482E+15;0;2375;11875
529;322;181;26;66;306390;281060;8,83988E+15;4,97366E+15;0;2376;1188
530;323;181;26;66;307000;281480;8,79238E+15;4,98245E+15;0;2374;1187
531;324;181;26;67;307590;282010;8,9925E+15;4,99145E+15;0;2387;11935
532;324;182;26;66;308000;282530;8,88634E+15;5,00033E+15;0;2393;11965
533;325;182;26;66;308560;283020;8,84617E+15;5,00918E+15;0;2402;1201
534;326;182;26;67;309140;283580;9,03104E+15;5,01821E+15;0;2410;1205
535;327;182;26;68;309700;284120;8,79453E+15;5,027E+14;0;2386;1193
536;328;182;26;69;310350;284610;8,83147E+15;5,03584E+15;0;2375;11875
537;329;182;26;69;310840;285000;9,01089E+15;5,04485E+15;0;2389;11945
538;329;183;26;68;311290;285500;8,87054E+15;5,05372E+15;0;2381;11905
539;330;183;26;69;311820;286020;8,84101E+15;5,06256E+15;0;2393;11965
540;331;183;26;69;312340;286300;8,98043E+15;5,07154E+15;0;2376;1188
541;331;184;26;69;312830;286850;8,86878E+14;5,08041E+15;0;2353;11765
542;332;184;26;70;313390;287380;8,9461E+15;5,08935E+15;0;2402;1201
543;333;184;26;70;314000;287880;8,9558E+15;5,09831E+15;0;2387;11935
544;333;185;26;69;314490;288460;8,81992E+15;5,10713E+14;0;2383;11915
545;334;185;26;70;315250;288990;8,79983E+14;5,11593E+15;0;2372;1186
546;335;185;26;71;315770;289490;9,01493E+15;5,12494E+15;0;2382;1191
547;336;185;26;72;316440;289950;8,82823E+15;5,13377E+15;0;2372;1186
548;337;185;26;72;316970;290440;8,77552E+15;5,14255E+15;0;2372;1186
549;338;185;26;72;317470;290900;8,95922E+15;5,15151E+15;0;2359;11795
550;338;186;26;71;317880;291490;9,05169E+15;5,16056E+15;0;2371;11855
551;339;186;26;71;318470;292050;8,93463E+15;5,16949E+16;0;2380;1190
552;339;186;27;70;319060;292640;8,75992E+14;5,17825E+15;0;2367;11835
553;339;187;27;69;319530;293140;9,07157E+14;5,18732E+15;0;2395;11975
554;340;187;27;70;320120;293690;8,85843E+15;5,19618E+15;0;2384;1192
555;341;187;27;70;320700;294190;8,83511E+15;5,20502E+15;0;2383;11915
556;342;187;27;70;321210;294650;9,05887E+15;5,21408E+15;0;2395;11975
557;342;188;27;69;321680;295130;8,819E+15;5,2229E+15;0;2390;1195
558;343;188;27;70;322230;295660;8,89454E+15;5,23179E+15;0;2391;11955
559;344;188;27;70;322690;296080;9,01191E+15;5,2408E+14;0;2379;11895
560;345;188;27;70;323200;296530;8,83754E+15;5,24964E+15;0;2379;11895
561;345;189;27;69;323750;297090;8,83841E+15;5,25848E+16;0;2383;11915
562;346;189;27;69;324410;297630;9,08479E+15;5,26756E+14;0;2367;11835
563;347;189;27;69;325040;298040;8,84016E+15;5,2764E+15;0;2370;1185
564;348;189;27;70;325560;298500;8,89025E+15;5,28529E+15;0;2376;1188
565;349;189;27;71;326080;298990;8,99796E+15;5,29429E+15;0;2384;1192
566;350;189;27;72;326730;299490;8,8205E+15;5,30311E+15;0;2388;1194
567;350;190;27;71;327200;300020;8,90319E+15;5,31202E+13;0;2396;1198
568;350;191;27;70;327610;300510;9,01761E+15;5,32103E+14;0;2396;1198
569;350;191;28;70;328130;301030;8,84511E+14;5,32988E+15;0;2380;1190
570;351;191;28;70;328630;301360;8,80549E+15;5,33868E+15;0;2374;1187
571;352;191;28;70;329150;301840;9,00087E+15;5,34768E+15;0;2359;11795
572;353;191;28;70;329690;302350;8,85211E+15;5,35654E+15;0;2383;11915
573;353;192;28;70;330130;302820;8,79089E+15;5,36533E+15;0;2345;11725
574;354;192;28;70;330570;303250;8,98669E+15;5,37431E+15;0;2384;1192
575;355;192;28;70;331100;303720;8,80249E+15;5,38312E+15;0;2368;1184
576;356;192;28;70;331640;304250;8,86407E+15;5,39198E+15;0;2371;11855
577;356;193;28;69;332180;304820;9,06495E+15;5,40105E+15;0;2404;1202
578;356;193;29;68;332640;305280;8,85215E+15;5,4099E+15;0;2388;1194
579;356;194;29;68;333160;305820;8,79097E+15;5,41869E+14;0;2374;1187
580;357;194;29;68;333720;306320;8,99528E+15;5,42768E+15;0;2377;11885
581;357;195;29;68;334140;306790;8,81601E+15;5,4365E+16;0;2360;1180
582;357;195;30;68;334670;307320;8,81867E+15;5,44532E+15;0;2375;11875
583;357;195;31;67;335220;307870;8,86463E+15;5,45418E+15;0;2359;11795
584;357;196;31;67;335590;308270;9,00956E+15;5,46319E+15;0;2381;11905
585;358;196;31;68;336200;308850;8,83586E+15;5,47203E+15;0;2354;1177
586;358;197;31;67;336720;309420;8,8835E+14;5,48091E+15;0;2390;1195
587;358;198;31;67;337080;309820;9,07413E+15;5,48999E+14;0;2403;12015
588;359;198;31;68;337660;310290;8,8146E+15;5,4988E+14;0;2395;11975
589;359;199;31;67;338100;310760;8,84272E+15;5,50764E+15;0;2382;1191
590;360;199;31;67;338710;311330;9,00205E+15;5,51665E+15;0;2367;11835
591;360;199;32;66;339180;311800;8,8592E+15;5,52551E+15;0;2384;1192
592;361;199;32;66;339710;312170;8,82482E+15;5,53433E+16;0;2399;11995
593;362;199;32;66;340300;312690;8,97937E+15;5,54331E+15;0;2367;11835
594;363;199;32;66;340870;313160;8,85663E+15;5,55217E+15;0;2368;1184
595;364;199;32;66;341510;313590;8,85822E+15;5,56102E+15;0;2379;11895
596;365;199;32;66;342100;314110;9,0496E+15;5,57007E+14;0;2391;11955
597;365;200;32;65;342610;314640;8,83293E+15;5,57891E+15;0;2381;11905
598;365;201;32;64;343120;315200;8,84958E+15;5,58776E+15;0;2378;1189
599;365;201;33;63;343620;315700;9,01403E+15;5,59677E+15;0;2381;11905
600;366;201;33;63;344360;316280;8,88877E+15;5,60566E+15;0;2396;1198
601;367;201;33;63;344990;316860;8,79941E+13;5,61446E+15;0;2382;1191
602;367;202;33;63;345550;317520;8,98904E+15;5,62345E+16;0;2370;1185
603;367;203;33;62;346010;318020;8,85917E+14;5,63231E+15;0;2395;11975
604;367;204;33;61;346550;318620;8,87182E+15;5,64118E+15;0;2379;11895
605;368;204;33;61;347120;319120;8,99064E+15;5,65017E+15;0;2362;1181
606;368;204;34;60;347640;319640;8,78768E+15;5,65896E+14;0;2343;11715
607;369;204;34;61;348310;320130;8,82829E+15;5,66779E+15;0;2370;1185
608;369;205;34;61;348730;320620;9,01908E+15;5,6768E+14;0;2397;11985
609;369;206;34;60;349220;321360;8,87599E+15;5,68568E+15;0;2381;11905
610;370;206;34;60;349870;321830;8,86698E+14;5,69455E+15;0;2409;12045
611;370;207;34;59;350260;322300;9,02455E+15;5,70357E+15;0;2375;11875
612;371;207;34;59;350890;322920;8,84228E+15;5,71241E+15;0;2381;11905
613;372;207;34;60;351500;323440;9,02777E+15;5,72144E+15;0;2374;1187
614;372;208;34;60;351890;323970;8,97307E+15;5,73041E+16;0;2361;11805
615;373;208;34;60;352580;324490;8,96381E+15;5,73938E+15;0;2379;11895
616;373;208;35;59;353060;324970;8,888E+15;5,74827E+15;0;2388;1194
617;374;208;35;59;353650;325500;8,93896E+15;5,75721E+15;0;2385;11925
618;375;208;35;60;354300;326110;9,0155E+15;5,76622E+15;0;2372;1186
619;376;208;35;60;355000;326570;8,80887E+15;5,77503E+15;0;2369;11845
620;377;208;35;60;355720;327130;8,84696E+14;5,78388E+15;0;2368;1184
621;378;208;35;60;356340;327600;8,98973E+15;5,79287E+15;0;2381;11905
622;379;208;35;60;357010;328210;8,80171E+15;5,80167E+15;0;2353;11765
623;380;208;35;61;357510;328700;8,78773E+15;5,81046E+15;0;2358;1179
624;381;208;35;62;358130;329180;8,96633E+15;5,81942E+15;0;2355;11775
625;382;208;35;62;358780;329740;8,93343E+14;5,82836E+15;0;2401;12005
626;383;208;35;62;359460;330350;8,84522E+15;5,8372E+15;0;2366;1183
627;383;209;35;61;359940;330940;9,0655E+15;5,84627E+15;0;2383;11915
628;383;210;35;61;360540;331580;8,84888E+15;5,85512E+15;0;2384;1192
629;383;211;35;60;361030;332090;8,82732E+15;5,86394E+15;0;2362;1181
630;383;212;35;59;361420;332560;9,07587E+15;5,87302E+15;0;2369;11845
631;384;212;35;60;362220;333030;8,89359E+15;5,88191E+15;0;2399;11995
632;384;212;36;59;362720;333530;8,87236E+15;5,89078E+14;0;2372;1186
633;385;212;36;59;363470;334080;8,98159E+14;5,89977E+15;0;2364;1182
634;386;212;36;59;363980;334570;8,94459E+14;5,90871E+15;0;2409;12045
635;386;213;36;58;364440;335130;8,89632E+15;5,91761E+16;0;2383;11915
636;387;213;36;58;364910;335570;9,10117E+14;5,92671E+15;0;2418;1209
637;388;213;36;59;365740;336060;8,85646E+15;5,93556E+16;0;2390;1195
638;389;213;36;59;366440;336500;8,80374E+15;5,94437E+15;0;2360;1180
639;390;213;36;59;367130;337140;9,04909E+15;5,95342E+16;0;2411;12055
640;390;213;37;59;367650;337660;8,90347E+15;5,96232E+15;0;2377;11885
641;391;213;37;59;368300;338120;8,89927E+15;5,97122E+15;0;2369;11845
642;391;214;37;58;368800;338660;9,10683E+15;5,98033E+15;0;2383;11915
643;392;214;37;59;369440;339250;8,97193E+15;5,9893E+15;0;2398;1199
644;392;215;37;58;369940;339760;9,08785E+15;5,99839E+15;0;2380;1190
645;392;216;37;57;370430;340280;9,20817E+15;6,0076E+15;0;2367;11835
646;392;217;37;56;370880;341000;8,87797E+15;6,01647E+15;0;2371;11855
647;393;217;37;56;371580;341560;8,90097E+15;6,02537E+15;0;2391;11955
648;393;218;37;55;372030;342120;8,8699E+15;6,03424E+15;0;2369;11845
649;394;218;37;56;372650;342640;8,93715E+15;6,04318E+15;0;2379;11895
650;394;219;37;55;373070;343110;8,88552E+14;6,05207E+16;0;2411;12055
651;395;219;37;56;373760;343570;9,04385E+14;6,06111E+15;0;2394;1197
652;395;220;37;56;374170;344240;8,92668E+14;6,07004E+15;0;2387;11935
653;395;221;37;55;374700;344860;8,88713E+15;6,07892E+14;0;2382;1191
654;395;222;37;54;375200;345490;8,88689E+15;6,08781E+16;0;2384;1192
655;395;222;38;53;375780;346070;9,07181E+15;6,09688E+15;0;2385;11925
656;395;223;38;53;376140;346440;8,942E+15;6,10582E+15;0;2389;11945
657;396;223;38;53;376820;346990;8,86515E+15;6,11469E+15;0;2392;1196
658;396;224;38;52;377220;347570;9,00302E+15;6,12369E+15;0;2367;11835
659;396;225;38;51;377700;348070;8,87692E+14;6,13257E+15;0;2397;11985
660;397;225;38;52;378350;348590;8,82257E+15;6,14139E+15;0;2386;1193
661;398;225;38;52;379100;349120;9,05163E+15;6,15044E+15;0;2398;1199
662;398;226;38;51;379540;349570;8,87074E+14;6,15932E+15;0;2379;11895
663;398;227;38;50;380130;350180;8,86438E+15;6,16818E+14;0;2392;1196
664;399;227;38;50;380780;350690;9,02787E+15;6,17721E+14;0;2384;1192
665;399;228;38;49;381290;351350;8,94359E+15;6,18615E+15;0;2392;1196
666;400;228;38;50;382020;351860;8,95036E+15;6,1951E+14;0;2409;12045
667;401;228;38;51;382680;352410;9,03978E+15;6,20414E+15;0;2364;1182
668;402;228;38;52;383550;352950;8,83586E+14;6,21298E+15;0;2381;11905
669;402;229;38;51;384000;353440;8,89004E+15;6,22187E+16;0;2396;1198
670;402;230;38;50;384550;354010;9,04383E+15;6,23091E+15;0;2386;1193
671;402;231;38;49;385020;354500;8,86425E+15;6,23977E+15;0;2383;11915
672;402;232;38;49;385550;355070;8,8717E+15;6,24865E+15;0;2385;11925
673;403;232;38;49;386310;355700;8,98717E+15;6,25763E+15;0;2379;11895
674;404;232;38;49;386970;356210;8,86316E+15;6,2665E+15;0;2390;1195
675;405;232;38;49;387700;356760;8,92207E+14;6,27542E+15;0;2406;1203
676;406;232;38;50;388280;357260;9,08698E+15;6,28451E+15;0;2399;11995
677;406;233;38;50;388830;357820;8,83821E+15;6,29334E+15;0;2379;11895
678;407;233;38;51;389510;358300;8,88923E+15;6,30223E+15;0;2383;11915
679;407;234;38;50;390010;358900;9,02707E+15;6,31126E+15;0;2368;1184
680;408;234;38;51;390770;359380;8,90033E+14;6,32016E+15;0;2385;11925
681;408;235;38;51;391330;359960;8,88534E+15;6,32905E+16;0;2395;11975
682;409;235;38;52;391980;360460;9,06468E+14;6,33811E+14;0;2368;1184
683;409;236;38;52;392470;360970;9,0422E+15;6,34715E+15;0;2374;1187
684;410;236;38;52;393260;361560;9,25464E+15;6,35641E+14;0;2387;11935
685;411;236;38;53;393910;362100;9,0225E+15;6,36543E+15;0;2378;1189
686;411;237;38;53;394270;362650;8,83871E+15;6,37427E+15;0;2370;1185
687;412;237;38;53;395060;363140;8,91274E+15;6,38318E+14;0;2379;11895
688;413;237;38;54;395890;363600;9,07012E+15;6,39225E+15;0;2380;1190
689;414;237;38;54;396610;364140;8,91647E+15;6,40117E+15;0;2401;12005
690;414;238;38;54;397160;364770;8,84272E+14;6,41001E+15;0;2394;1197
691;415;238;38;54;397820;365360;9,07029E+15;6,41908E+15;0;2392;1196
692;416;238;38;54;398480;365860;8,89962E+15;6,42798E+15;0;2392;1196
693;417;238;38;54;399220;366270;8,84049E+15;6,43682E+15;0;2355;11775
694;418;238;38;54;400000;366690;9,04715E+15;6,44587E+15;0;2384;1192
695;419;238;38;54;400820;367230;8,8169E+15;6,45469E+15;0;2359;11795
696;420;238;38;55;401400;367740;8,88459E+15;6,46357E+15;0;2374;1187
697;421;238;38;56;402190;368210;9,04127E+15;6,47261E+15;0;2375;11875
698;422;238;38;57;403070;368630;8,85314E+14;6,48146E+16;0;2360;1180
699;423;238;38;57;403810;369150;8,86668E+15;6,49033E+15;0;2373;11865
700;424;238;38;57;404550;369650;9,09014E+15;6,49942E+15;0;2402;1201
701;425;238;38;58;405280;370200;8,85441E+15;6,50828E+15;0;2378;1189
702;426;238;38;59;406150;370650;8,8892E+15;6,51716E+15;0;2398;1199
703;426;239;38;59;406680;371350;8,982E+15;6,52615E+15;0;2371;11855
704;427;239;38;59;407470;371760;8,84115E+15;6,53499E+15;0;2380;1190
705;428;239;38;60;408280;372280;8,81877E+14;6,54381E+15;0;2373;11865
706;429;239;38;60;409030;372900;9,10101E+15;6,55291E+15;0;2421;12105
707;430;239;38;61;409710;373340;8,93679E+14;6,56184E+15;0;2395;11975
708;431;239;38;62;410440;373750;8,84343E+15;6,57069E+15;0;2364;1182
709;432;239;38;62;411160;374280;9,03788E+15;6,57973E+15;0;2388;1194
710;433;239;38;63;411950;374770;8,88862E+15;6,58861E+16;0;2376;1188
711;434;239;38;63;412660;375180;8,8797E+13;6,59749E+15;0;2378;1189
712;435;239;38;63;413360;375790;9,07441E+15;6,60657E+14;0;2399;11995
713;436;239;38;64;414070;376230;8,86353E+15;6,61543E+15;0;2378;1189
714;437;239;38;64;414760;376830;8,87575E+15;6,62431E+16;0;2375;11875
715;438;239;38;65;415480;377310;8,83635E+15;6,63314E+15;0;2362;1181
716;439;239;38;65;416230;377800;9,01829E+15;6,64216E+15;0;2385;11925
717;440;239;38;65;416850;378160;8,89752E+15;6,65106E+15;0;2373;11865
718;441;239;38;65;417490;378650;8,89194E+15;6,65995E+15;0;2399;11995
719;442;239;38;65;418310;379230;9,03796E+15;6,66899E+15;0;2367;11835
720;443;239;38;65;419090;379690;8,84631E+15;6,67784E+15;0;2379;11895
721;444;239;38;65;419810;380190;9,66303E+15;6,6875E+15;0;2377;11885
722;444;239;39;64;420370;380750;9,11455E+15;6,69661E+14;0;2384;1192
723;445;239;39;64;421010;381270;8,8661E+15;6,70548E+15;0;2375;11875
724;446;239;39;64;421600;381830;8,90745E+15;6,71439E+16;0;2394;1197
725;447;239;39;64;422210;382280;9,0502E+14;6,72344E+15;0;2394;1197
726;448;239;39;65;422900;382830;8,84737E+14;6,73229E+15;0;2371;11855
727;449;239;39;66;423600;383520;8,88689E+15;6,74117E+15;0;2372;1186
728;449;240;39;66;424020;384030;9,06597E+15;6,75024E+15;0;2368;1184
729;450;240;39;67;424810;384600;8,87268E+15;6,75911E+15;0;2375;11875
730;451;240;39;67;425670;385000;8,83089E+15;6,76794E+15;0;2370;1185
731;452;240;39;68;426390;385510;9,04417E+15;6,77699E+15;0;2380;1190
732;453;240;39;68;427060;386100;8,92976E+15;6,78592E+15;0;2405;12025
733;454;240;39;68;427820;386510;1,064E+16;6,79656E+16;0;2384;1192
734;454;241;39;68;428400;387200;9,73551E+15;6,80629E+15;0;2380;1190
735;455;241;39;68;429150;387720;9,60975E+15;6,8159E+16;0;2394;1197
736;456;241;39;68;429930;388310;9,81494E+14;6,82572E+16;0;2377;11885
737;457;241;39;68;430700;388820;9,53498E+15;6,83525E+15;0;2391;11955
738;458;241;39;68;431390;389220;9,54965E+15;6,8448E+15;0;2384;1192
739;459;241;39;69;432110;389660;9,21717E+15;6,85402E+15;0;2367;11835
740;460;241;39;69;432800;390050;9,21065E+15;6,86323E+15;0;2363;11815
741;461;241;39;70;433560;390560;9,06376E+15;6,87229E+15;0;2363;11815
742;462;241;39;70;434350;391070;9,18061E+15;6,88147E+15;0;2405;12025
743;463;241;39;71;435020;391540;9,44952E+13;6,89092E+15;0;2378;1189
744;464;241;39;72;435780;392000;9,05509E+15;6,89998E+16;0;2373;11865
745;465;241;39;73;436510;392420;9,11827E+15;6,9091E+16;0;2378;1189
746;466;241;39;73;437210;392860;9,44292E+15;6,91854E+15;0;2382;1191
747;466;242;39;73;437670;393540;9,18707E+15;6,92773E+14;0;2390;1195
748;467;242;39;73;438340;394010;9,11031E+15;6,93684E+15;0;2385;11925
749;467;243;39;73;438820;394640;9,25374E+15;6,94609E+15;0;2369;11845
750;468;243;39;73;439540;395180;9,241E+15;6,95533E+15;0;2381;11905
751;469;243;39;74;440380;395580;9,20085E+15;6,96453E+16;0;2377;11885
752;470;243;39;75;441060;396100;9,12727E+14;6,97366E+15;0;2378;1189
753;471;243;39;76;441860;396500;9,22447E+15;6,98288E+15;0;2383;11915
754;472;243;39;77;442410;396940;8,98054E+14;6,99186E+15;0;2389;11945
755;473;243;39;78;443060;397470;8,89736E+15;7,00076E+15;0;2381;11905
756;474;243;39;78;443680;397950;9,08866E+15;7,00985E+15;0;2375;11875
757;475;243;39;79;444320;398540;8,94116E+15;7,01879E+15;0;2397;11985
758;476;243;39;80;445000;399080;8,93717E+15;7,02773E+15;0;2374;1187
759;477;243;39;80;445600;399620;9,0402E+15;7,03677E+15;0;2377;11885
760;478;243;39;80;446330;400110;8,91503E+15;7,04568E+16;0;2398;1199
761;479;243;39;81;447050;400560;8,86921E+14;7,05455E+15;0;2367;11835
762;479;244;39;81;447710;401240;9,02198E+15;7,06357E+15;0;2336;1168
763;480;244;39;81;448480;401830;8,90961E+14;7,07248E+15;0;2389;11945
764;481;244;39;82;449110;402430;9,24835E+15;7,08173E+15;0;2384;1192
765;482;244;39;82;449710;402810;1,03429E+16;7,09208E+14;0;2397;11985
766;483;244;39;82;450510;403270;1,01087E+16;7,10218E+15;0;2401;12005
767;483;245;39;81;451080;403870;9,61868E+15;7,1118E+15;0;2384;1192
768;484;245;39;82;451840;404430;9,81701E+14;7,12162E+15;0;2375;11875
769;484;246;39;82;452350;404970;9,57214E+13;7,13119E+16;0;2370;1185
770;484;247;39;82;452780;405560;9,1279E+15;7,14032E+15;0;2388;1194
771;484;248;39;82;453160;406130;9,13362E+15;7,14945E+16;0;2398;1199
772;485;248;39;82;453750;406630;9,0421E+15;7,1585E+15;0;2382;1191
773;486;248;39;82;454490;407150;9,28974E+15;7,16779E+15;0;2394;1197
774;487;248;39;82;455320;407620;9,24541E+14;7,17703E+15;0;2379;11895
775;488;248;39;82;456080;408090;8,91695E+15;7,18595E+15;0;2384;1192
776;489;248;39;83;456760;408570;8,91534E+15;7,19486E+15;0;2392;1196
777;490;248;39;83;457410;409110;9,08497E+15;7,20395E+15;0;2389;11945
778;491;248;39;84;458160;409780;8,91115E+15;7,21286E+15;0;2389;11945
779;492;248;39;84;458950;410120;8,82928E+15;7,22169E+15;0;2375;11875
780;493;248;39;85;459710;410640;9,04635E+15;7,23073E+15;0;2378;1189
781;493;249;39;84;460430;411370;8,87657E+15;7,23961E+15;0;2375;11875
782;494;249;39;85;461210;411920;9,08746E+15;7,2487E+15;0;2385;11925
783;495;249;39;85;461990;412450;9,14288E+15;7,25784E+15;0;2377;11885
784;496;249;39;85;462880;412890;8,92396E+14;7,26677E+15;0;2388;1194
785;497;249;39;86;463710;413390;8,94277E+15;7,27571E+15;0;2397;11985
786;497;249;40;85;464390;414070;9,074E+15;7,28478E+15;0;2392;1196
787;498;249;40;85;465060;414520;9,80271E+15;7,29458E+15;0;2374;1187
788;498;250;40;84;465590;415110;9,88223E+15;7,30447E+15;0;2379;11895
789;498;251;40;84;466070;415600;9,26752E+15;7,31373E+15;0;2387;11935
790;499;251;40;84;466820;416140;9,07938E+15;7,32281E+15;0;2363;11815
791;500;251;40;84;467540;416670;9,11517E+15;7,33193E+15;0;2380;1190
792;501;251;40;84;468260;417140;9,23017E+15;7,34116E+15;0;2382;1191
793;501;252;40;83;468820;417760;9,09888E+15;7,35026E+16;0;2391;11955
794;502;252;40;83;469530;418270;9,14458E+15;7,3594E+15;0;2369;11845
795;503;252;40;83;470260;418700;9,08473E+15;7,36849E+14;0;2363;11815
796;503;253;40;82;470860;419310;9,24954E+15;7,37774E+15;0;2357;11785
797;504;253;40;82;471680;419770;9,06852E+15;7,38681E+15;0;2364;1182
798;505;253;40;82;472410;420270;9,12832E+15;7,39593E+15;0;2402;1201
799;506;253;40;82;473160;420750;9,30609E+15;7,40524E+15;0;2400;1200
800;507;253;40;82;473860;421230;9,06913E+15;7,41431E+15;0;2367;11835
801;508;253;40;82;474730;421720;9,06597E+15;7,42338E+15;0;2376;1188
802;509;253;40;83;475400;422270;9,33515E+15;7,43271E+15;0;2391;11955
803;510;253;40;83;476110;422820;9,06684E+15;7,44178E+15;0;2377;11885
804;511;253;40;83;476810;423290;9,1105E+14;7,45089E+15;0;2380;1190
805;512;253;40;83;477560;423820;9,30353E+15;7,46019E+15;0;2379;11895
806;513;253;40;83;478430;424330;9,12012E+15;7,46931E+14;0;2410;1205
807;514;253;40;83;479210;424960;9,05654E+14;7,47837E+15;0;2392;1196
808;515;253;40;83;479900;425470;9,18127E+15;7,48755E+15;0;2338;1169
809;515;253;41;82;480460;426030;9,07655E+14;7,49663E+14;0;2385;11925
810;516;253;41;82;481120;426580;9,04633E+15;7,50567E+16;0;2370;1185
811;517;253;41;82;481920;427190;9,21077E+15;7,51488E+15;0;2384;1192
812;517;254;41;81;482680;427960;9,08332E+15;7,52397E+15;0;2399;11995
813;518;254;41;81;483470;428540;9,05421E+15;7,53302E+15;0;2391;11955
814;519;254;41;81;484270;429160;9,42566E+15;7,54245E+15;0;2405;12025
815;519;254;42;80;484910;429800;9,17919E+14;7,55163E+15;0;2373;11865
816;520;254;42;80;485710;430570;9,11887E+15;7,56074E+15;0;2401;12005
817;520;255;42;79;486180;431060;9,23072E+14;7,56997E+16;0;2377;11885
818;521;255;42;79;486900;431620;9,08789E+15;7,57906E+15;0;2379;11895
819;522;255;42;79;487540;432240;9,11197E+15;7,58817E+15;0;2392;1196
820;523;255;42;79;488230;432830;9,26997E+15;7,59744E+14;0;2380;1190
821;523;256;42;79;488780;433390;9,15969E+15;7,6066E+15;0;2376;1188
822;524;256;42;79;489610;433870;9,09663E+13;7,6157E+14;0;2373;11865
823;524;257;42;78;490190;434500;9,33272E+15;7,62503E+15;0;2378;1189
824;525;257;42;78;490990;435070;9,08998E+13;7,63412E+15;0;2380;1190
825;525;258;42;77;491380;435560;9,12795E+15;7,64325E+15;0;2388;1194
826;525;258;43;76;491890;436070;9,29046E+15;7,65254E+15;0;2396;1198
827;526;258;43;77;492670;436710;9,15802E+15;7,6617E+15;0;2413;12065
828;527;258;43;77;493430;437360;9,06381E+15;7,67076E+15;0;2370;1185
829;528;258;43;77;493900;437760;9,25008E+15;7,68001E+15;0;2375;11875
830;529;258;43;77;494300;438110;9,14528E+14;7,68916E+15;0;2382;1191
831;530;258;43;77;495130;438630;9,07944E+15;7,69824E+14;0;2373;11865
832;530;259;43;76;495910;439430;9,28089E+15;7,70752E+15;0;2394;1197
833;531;259;43;77;496590;440050;9,13388E+15;7,71665E+15;0;2402;1201
834;532;259;43;77;497380;440560;9,17099E+15;7,72582E+15;0;2392;1196
835;532;260;43;76;497790;441220;9,20939E+15;7,73503E+15;0;2361;11805
836;533;260;43;76;498670;441860;9,12597E+15;7,74416E+15;0;2383;11915
837;533;261;43;75;499180;442440;9,07216E+15;7,75323E+15;0;2376;1188
838;533;262;43;74;499620;442920;9,24139E+15;7,76247E+15;0;2369;11845
839;533;263;43;73;499990;443300;9,1897E+14;7,77166E+16;0;2374;1187
840;533;264;43;72;500710;444030;9,10481E+15;7,78077E+15;0;2380;1190
841;534;264;43;72;501490;444600;9,26365E+15;7,79003E+15;0;2375;11875
842;535;264;43;72;502110;445200;9,05935E+15;7,79909E+15;0;2371;11855
843;535;265;43;71;502710;445840;9,09163E+15;7,80818E+15;0;2368;1184
844;536;265;43;71;503550;446440;9,03052E+15;7,81721E+15;0;2359;11795
845;537;265;43;71;504200;447070;9,24343E+14;7,82646E+15;0;2368;1184
846;538;265;43;72;504670;447530;9,0949E+14;7,83555E+15;0;2368;1184
847;538;265;44;71;505350;448210;9,10984E+15;7,84466E+15;0;2372;1186
848;538;266;44;71;506010;448890;9,35873E+13;7,85402E+15;0;2406;1203
849;538;267;44;70;506670;449580;9,14025E+14;7,86316E+15;0;2378;1189
850;539;267;44;70;507340;450130;9,14537E+15;7,87231E+15;0;2391;11955
851;540;267;44;70;508080;450790;9,27862E+15;7,88158E+15;0;2386;1193
852;541;267;44;70;508890;451500;9,10936E+13;7,89069E+15;0;2379;11895
853;541;268;44;69;509520;452160;9,11645E+15;7,89981E+15;0;2384;1192
854;542;268;44;69;510190;452780;9,20591E+15;7,90902E+14;0;2360;1180
855;543;268;44;69;511080;453350;9,07507E+15;7,91809E+14;0;2394;1197
856;544;268;44;69;511710;453940;9,09319E+15;7,92718E+15;0;2363;11815
857;544;269;44;68;512290;454570;9,29424E+15;7,93648E+15;0;2398;1199
858;544;270;44;67;513070;455390;9,1172E+14;7,9456E+14;0;2398;1199
859;545;270;44;67;513760;455950;9,05705E+15;7,95465E+15;0;2374;1187
860;546;270;44;67;514450;456630;9,23528E+14;7,96389E+16;0;2372;1186
861;546;271;44;67;515140;457390;9,07246E+15;7,97296E+15;0;2377;11885
862;546;271;45;66;515920;458170;9,12452E+15;7,98208E+15;0;2391;11955
863;547;271;45;66;516670;458780;9,23739E+15;7,99132E+15;0;2373;11865
864;548;271;45;66;517410;459400;9,10254E+15;8,00042E+16;0;2381;11905
865;548;272;45;65;517940;459990;9,10271E+15;8,00953E+15;0;2379;11895
866;548;273;45;65;518340;460440;9,33454E+15;8,01886E+15;0;2406;1203
867;548;274;45;64;518820;461020;9,13069E+15;8,02799E+15;0;2393;11965
868;549;274;45;65;519650;461690;9,10707E+13;8,0371E+15;0;2395;11975
869;550;274;45;66;520400;462420;9,22559E+15;8,04633E+15;0;2364;1182
870;550;275;45;66;520930;463080;9,05313E+15;8,05538E+15;0;2370;1185
871;550;276;45;65;521330;463550;9,09938E+14;8,06448E+15;0;2395;11975
872;550;277;45;64;522010;464250;9,25945E+15;8,07374E+15;0;2361;11805
873;551;277;45;64;522760;464890;9,11895E+14;8,08286E+15;0;2397;11985
874;552;277;45;64;523560;465570;9,22054E+15;8,09208E+15;0;2406;1203
875;553;277;45;64;524240;466200;9,21782E+15;8,10129E+15;0;2359;11795
876;554;277;45;64;525010;466750;9,08578E+15;8,11038E+15;0;2366;1183
877;555;277;45;64;525650;467330;9,1908E+14;8,11957E+15;0;2368;1184
878;556;277;45;64;526320;467940;9,33337E+14;8,1289E+15;0;2419;12095
879;556;278;45;63;526660;468410;9,18944E+15;8,13809E+15;0;2390;1195
880;557;278;45;64;527550;469030;9,0797E+15;8,14717E+15;0;2374;1187
881;558;278;45;64;528200;469660;9,32427E+15;8,1565E+16;0;2372;1186
882;558;279;45;63;528880;470370;9,07387E+15;8,16557E+15;0;2370;1185
883;559;279;45;63;529640;471080;9,08756E+15;8,17466E+15;0;2387;11935
884;559;280;45;62;530270;471730;9,09028E+15;8,18375E+15;0;2383;11915
885;560;280;45;63;531080;472450;9,27217E+15;8,19302E+15;0;2396;1198
886;560;281;45;62;531610;473020;9,08048E+14;8,2021E+14;0;2380;1190
887;561;281;45;63;532370;473610;9,01066E+15;8,21111E+15;0;2390;1195
888;562;281;45;64;533010;474180;9,25065E+15;8,22036E+14;0;2361;11805
889;563;281;45;64;533800;474790;9,11076E+15;8,22947E+15;0;2382;1191
890;564;281;45;64;534440;475390;9,08477E+15;8,23856E+15;0;2387;11935
891;565;281;45;64;534900;475810;9,29277E+15;8,24785E+15;0;2371;11855
892;566;281;45;65;535680;476460;9,14046E+14;8,25699E+15;0;2375;11875
893;567;281;45;65;536480;477180;9,11133E+15;8,2661E+15;0;2398;1199
894;568;281;45;65;537210;477870;9,17094E+15;8,27527E+15;0;2350;1175
895;568;282;45;65;537850;478520;9,08363E+15;8,28436E+15;0;2393;11965
896;568;283;45;64;538380;479190;9,07847E+15;8,29344E+15;0;2362;1181
897;568;284;45;63;539070;479890;9,2289E+15;8,30267E+15;0;2367;11835
898;568;285;45;62;539620;480470;9,09386E+15;8,31176E+15;0;2391;11955
899;569;285;45;62;540270;481070;9,08889E+15;8,32085E+15;0;2384;1192
900;570;285;45;62;541010;481730;9,24125E+15;8,33009E+14;0;2390;1195
901;571;285;45;62;541750;482290;9,0976E+15;8,33919E+15;0;2396;1198
902;572;285;45;62;542520;483030;9,30308E+15;8,34849E+15;0;2377;11885
903;572;286;45;61;543170;483690;9,38674E+15;8,35788E+14;0;2381;11905
904;573;286;45;61;543880;484290;9,04292E+15;8,36692E+15;0;2362;1181
905;574;286;45;61;544650;484820;9,21266E+15;8,37613E+14;0;2404;1202
906;575;286;45;61;545320;485460;9,28681E+15;8,38542E+15;0;2384;1192
907;576;286;45;61;545960;486060;9,04706E+15;8,39447E+15;0;2372;1186
908;576;287;45;61;546600;486720;9,02268E+15;8,40349E+15;0;2370;1185
909;576;288;45;60;546960;487300;9,19189E+15;8,41268E+15;0;2369;11845
910;577;288;45;60;547710;487990;9,06464E+15;8,42175E+15;0;2399;11995
911;578;288;45;61;548370;488580;9,05314E+15;8,4308E+15;0;2381;11905
912;579;288;45;61;548890;489080;9,28359E+15;8,44008E+15;0;2394;1197
913;580;288;45;61;549660;489640;9,07269E+15;8,44916E+15;0;2399;11995
914;581;288;45;62;550540;490270;9,17558E+15;8,45833E+15;0;2371;11855
915;582;288;45;62;551130;490780;9,30566E+14;8,46764E+15;0;2397;11985
916;583;288;45;63;551800;491330;9,09135E+15;8,47673E+15;0;2380;1190
917;584;288;45;63;552380;491900;9,09756E+15;8,48583E+15;0;2391;11955
918;584;289;45;62;553130;492660;9,1866E+15;8,49501E+14;0;2361;11805
919;585;289;45;62;553750;493220;9,03197E+14;8,50404E+15;0;2368;1184
920;586;289;45;63;554560;493790;9,12071E+15;8,51316E+15;0;2388;1194
921;587;289;45;63;555190;494360;9,21317E+15;8,52238E+15;0;2378;1189
922;588;289;45;64;555900;494930;9,06949E+15;8,53145E+15;0;2393;11965
923;589;289;45;64;556600;495480;9,03273E+15;8,54048E+15;0;2358;1179
924;590;289;45;65;557210;496050;9,07817E+15;8,54956E+15;0;2376;1188
925;591;289;45;66;557940;496500;9,32424E+15;8,55888E+15;0;2401;12005
926;592;289;45;66;558500;497010;9,05309E+15;8,56794E+15;0;2389;11945
927;593;289;45;66;559210;497590;9,10845E+14;8,57704E+15;0;2400;1200
928;594;289;45;66;559950;498060;9,28392E+15;8,58633E+15;0;2380;1190
929;595;289;45;66;560550;498460;9,27592E+15;8,5956E+15;0;2380;1190
930;595;290;45;65;561110;499040;9,28466E+15;8,60489E+15;0;2365;11825
931;596;290;45;66;561770;499490;9,29166E+15;8,61418E+14;0;2393;11965
932;597;290;45;66;562460;499990;9,20985E+13;8,62339E+15;0;2398;1199
933;598;290;45;66;563140;500560;9,25126E+15;8,63264E+14;0;2377;11885
934;598;291;45;66;563660;501110;9,70682E+15;8,64235E+14;0;2365;11825
935;598;292;45;65;564090;501680;9,40023E+15;8,65175E+15;0;2372;1186
936;599;292;45;66;564740;501980;9,28754E+15;8,66104E+15;0;2377;11885
937;599;293;45;66;565300;502550;9,1176E+14;8,67015E+14;0;2369;11845
938;600;293;45;67;565810;503050;8,75461E+15;8,67891E+14;0;2368;1184
939;601;293;45;68;566460;503480;8,97773E+15;8,68789E+15;0;2397;11985
940;602;293;45;68;567140;504000;8,86028E+15;8,69675E+15;0;2366;1183
941;603;293;45;68;567750;504500;8,77842E+15;8,70552E+15;0;2375;11875
942;603;293;46;68;568260;505010;8,75765E+15;8,71428E+15;0;2392;1196
943;604;293;46;68;568940;505620;8,90817E+15;8,72319E+15;0;2397;11985
944;605;293;46;68;569600;506060;8,72635E+15;8,73192E+15;0;2396;1198
945;605;294;46;67;569990;506530;8,88564E+15;8,7408E+14;0;2348;1174
946;606;294;46;68;570630;506930;9,28832E+15;8,75009E+15;0;2398;1199
947;607;294;46;69;571220;507470;8,94068E+14;8,75903E+15;0;2398;1199
948;608;294;46;70;571790;507780;9,03931E+15;8,76807E+15;0;2369;11845
949;609;294;46;70;572390;508230;9,64842E+15;8,77772E+14;0;2384;1192
950;609;295;46;69;572880;508780;1,00286E+16;8,78775E+15;0;2381;11905
951;610;295;46;69;573520;509220;1,00525E+15;8,7978E+15;0;2382;1191
952;610;296;46;69;573930;509720;1,00039E+15;8,8078E+15;0;2385;11925
953;610;297;46;68;574340;510260;8,90804E+15;8,81671E+15;0;2408;1204
954;611;297;46;68;574950;510790;9,18922E+15;8,8259E+15;0;2379;11895
955;612;297;46;68;575590;511120;9,08489E+14;8,83499E+15;0;2363;11815
956;613;297;46;69;576130;511650;9,1758E+14;8,84416E+15;0;2361;11805
957;614;297;46;70;576850;512190;9,16248E+15;8,85332E+15;0;2371;11855
958;615;297;46;70;577650;512640;9,29749E+14;8,86262E+14;0;2393;11965
959;616;297;46;70;578350;513110;8,97861E+15;8,8716E+15;0;2362;1181
960;617;297;46;71;579130;513490;9,05975E+13;8,88066E+15;0;2369;11845
961;618;297;46;72;579740;514070;8,92481E+15;8,88958E+15;0;2375;11875
962;619;297;46;72;580450;514390;9,07101E+15;8,89866E+15;0;2360;1180
963;619;298;46;71;581020;515040;9,47657E+15;8,90813E+15;0;2394;1197
964;620;298;46;72;581660;515510;9,62061E+15;8,91775E+15;0;2373;11865
965;621;298;46;73;582240;516080;9,595E+15;8,92735E+15;0;2393;11965
966;622;298;46;74;582940;516630;9,45786E+15;8,93681E+15;0;2366;1183
967;623;298;46;74;583590;517110;9,10662E+14;8,94591E+15;0;2380;1190
968;624;298;46;74;584200;517510;8,88137E+15;8,95479E+15;0;2383;11915
969;625;298;46;75;584730;518030;9,8837E+13;8,96468E+15;0;2387;11935
970;626;298;46;76;585420;518560;9,82689E+15;8,9745E+15;0;2377;11885
971;627;298;46;77;586030;518930;9,47673E+15;8,98398E+15;0;2366;1183
972;628;298;46;77;586670;519510;9,20928E+14;8,99319E+14;0;2383;11915
973;629;298;46;77;587380;519940;9,42127E+15;9,00261E+15;0;2379;11895
974;630;298;46;77;588050;520600;9,20203E+14;9,01181E+15;0;2365;11825
975;630;299;46;76;588520;521160;8,99941E+15;9,02081E+15;0;2375;11875
976;631;299;46;76;589160;521530;9,10792E+15;9,02992E+15;0;2362;1181
977;632;299;46;76;589810;522070;9,06239E+15;9,03898E+14;0;2363;11815
978;633;299;46;77;590690;522500;9,40589E+14;9,04839E+13;0;2390;1195
979;634;299;46;77;591350;523140;9,30551E+15;9,0577E+15;0;2392;1196
980;634;300;46;76;591870;523720;9,56863E+15;9,06726E+15;0;2382;1191
981;635;300;46;77;592580;524240;9,51064E+15;9,07677E+14;0;2371;11855
982;636;300;46;77;593250;524790;9,0709E+15;9,08585E+15;0;2377;11885
983;637;300;46;78;594050;525270;8,98159E+15;9,09483E+15;0;2379;11895
984;638;300;46;78;594790;525870;8,87632E+15;9,1037E+15;0;2371;11855
985;639;300;46;79;595520;526460;9,73842E+15;9,11344E+15;0;2394;1197
986;640;300;46;79;596300;526960;9,20123E+15;9,12264E+15;0;2366;1183
987;640;301;46;78;596870;527540;8,97282E+15;9,13162E+15;0;2389;11945
988;641;301;46;78;597600;528040;8,74761E+15;9,14036E+15;0;2369;11845
989;642;301;46;78;598340;528560;9,17734E+15;9,14954E+15;0;2381;11905
990;643;301;46;78;598970;529050;9,83593E+14;9,15938E+14;0;2370;1185
991;644;301;46;78;599660;529530;9,29877E+14;9,16868E+15;0;2393;11965
992;645;301;46;78;600240;530070;9,4838E+15;9,17816E+15;0;2394;1197
993;646;301;46;78;601010;530740;9,50816E+15;9,18767E+15;0;2389;11945
994;646;301;47;78;601510;531240;9,23314E+15;9,1969E+15;0;2390;1195
995;647;301;47;79;602210;531760;9,2167E+15;9,20612E+14;0;2404;1202
996;648;301;47;80;602940;532120;9,97143E+15;9,21609E+15;0;2387;11935
997;649;301;47;81;603900;532540;9,9618E+15;9,22605E+15;0;2380;1190
998;650;301;47;81;604770;532940;1,01382E+16;9,23619E+15;0;2363;11815
999;651;301;47;81;605370;533500;9,69257E+15;9,24588E+15;0;2381;11905
1000;652;301;47;81;606060;534010;9,23643E+15;9,25512E+15;0;2388;1194
1001;653;301;47;81;606760;534470;8,95628E+15;9,26407E+14;0;2385;11925
1002;654;301;47;82;607370;534960;9,61772E+15;9,27369E+14;0;2393;11965
1003;655;301;47;82;607990;535530;9,24744E+15;9,28294E+15;0;2373;11865
1004;656;301;47;82;608820;535980;9,34074E+15;9,29228E+14;0;2376;1188
1005;657;301;47;82;609490;536520;9,46812E+15;9,30175E+15;0;2399;11995
1006;658;301;47;82;610080;537010;9,42397E+15;9,31117E+15;0;2386;1193
1007;658;302;47;82;610440;537640;9,32726E+15;9,3205E+15;0;2382;1191
1008;659;302;47;83;611130;538130;9,17673E+14;9,32968E+15;0;2401;12005
1009;659;302;48;82;611720;538720;9,33104E+15;9,33901E+15;0;2374;1187
1010;660;302;48;82;612340;539270;9,17365E+15;9,34818E+14;0;2382;1191
1011;660;302;49;81;612820;539750;9,30794E+15;9,35749E+15;0;2380;1190
1012;661;302;49;81;613600;540220;9,61331E+15;9,3671E+15;0;2402;1201
1013;662;302;49;81;614250;540800;1,0218E+16;9,37732E+14;0;2376;1188
1014;663;302;49;81;614850;541210;1,03038E+16;9,38762E+14;0;2368;1184
1015;664;302;49;81;615430;541660;1,01141E+16;9,39774E+15;0;2372;1186
1016;664;303;49;80;615940;542200;9,56121E+15;9,4073E+15;0;2395;11975
1017;664;304;49;80;616430;542790;9,74508E+15;9,41704E+15;0;2383;11915
1018;665;304;49;80;616960;543300;9,58899E+15;9,42663E+14;0;2382;1191
1019;666;304;49;80;617450;543760;9,85818E+15;9,43649E+14;0;2405;12025
1020;666;305;49;79;618000;544340;1,03386E+16;9,44683E+15;0;2393;11965
1021;666;306;49;78;618590;544940;9,70619E+15;9,45654E+15;0;2387;11935
1022;666;307;49;77;619040;545430;9,69063E+15;9,46623E+14;0;2363;11815
1023;666;308;49;76;619650;546060;9,71426E+15;9,47594E+15;0;2376;1188
1024;667;308;49;76;620210;546450;9,51099E+15;9,48545E+15;0;2385;11925
1025;667;309;49;75;620660;546930;1,02054E+16;9,49566E+15;0;2390;1195
1026;668;309;49;75;621310;547310;9,30728E+15;9,50496E+14;0;2366;1183
1027;668;310;49;74;622070;548110;9,15244E+15;9,51412E+15;0;2373;11865
1028;669;310;49;74;622540;548560;9,29077E+15;9,52341E+15;0;2398;1199
1029;669;310;50;74;623060;549080;9,71392E+15;9,53312E+15;0;2388;1194
1030;670;310;50;74;623830;549690;9,38672E+14;9,54251E+15;0;2391;11955
1031;670;311;50;73;624280;550160;9,5992E+15;9,55211E+15;0;2357;11785
1032;671;311;50;73;624800;550670;9,50098E+15;9,56161E+15;0;2386;1193
1033;671;312;50;73;625290;551170;9,31711E+15;9,57093E+15;0;2377;11885
1034;672;312;50;74;625960;551770;9,41515E+15;9,58034E+15;0;2379;11895
1035;673;312;50;74;626730;552190;9,33302E+15;9,58967E+15;0;2367;11835
1036;674;312;50;75;627390;552740;9,29175E+15;9,59897E+15;0;2391;11955
1037;674;313;50;74;627960;553320;9,72251E+15;9,60869E+15;0;2399;11995
1038;675;313;50;74;628690;553730;1,04274E+15;9,61912E+15;0;2376;1188
1039;676;313;50;74;629180;554210;9,3086E+15;9,62842E+15;0;2364;1182
1040;677;313;50;74;629850;554710;9,8116E+15;9,63824E+14;0;2360;1180
1041;678;313;50;75;630650;555250;1,03247E+16;9,64856E+15;0;2389;11945
1042;678;313;51;74;631120;555720;1,03033E+15;9,65886E+15;0;2377;11885
1043;678;314;51;73;631540;556150;9,42583E+15;9,66829E+14;0;2364;1182
1044;679;314;51;74;632120;556690;9,22836E+15;9,67752E+15;0;2386;1193
1045;680;314;51;74;632870;557100;9,66698E+15;9,68718E+15;0;2373;11865
1046;681;314;51;74;633450;557650;9,16485E+15;9,69635E+15;0;2387;11935
1047;682;314;51;74;634110;558170;9,38949E+15;9,70574E+15;0;2384;1192
1048;683;314;51;74;634860;558620;1,0443E+15;9,71618E+14;0;2405;12025
1049;684;314;51;75;635610;558940;9,13598E+14;9,72532E+15;0;2345;11725
1050;685;314;51;75;636370;559320;9,03065E+15;9,73435E+14;0;2367;11835
1051;686;314;51;76;637100;559760;9,21138E+15;9,74356E+15;0;2380;1190
1052;686;315;51;76;637750;560440;9,1125E+15;9,75267E+14;0;2397;11985
1053;687;315;51;76;638580;561000;9,04121E+15;9,76171E+15;0;2376;1188
1054;688;315;51;76;639430;561490;9,53871E+14;9,77125E+15;0;2369;11845
1055;688;316;51;75;639970;562070;9,50641E+15;9,78076E+14;0;2392;1196
1056;688;316;52;74;640400;562500;9,17824E+15;9,78994E+15;0;2369;11845
1057;689;316;52;74;641130;562920;9,69054E+14;9,79963E+15;0;2369;11845
1058;689;317;52;73;641550;563380;9,54504E+15;9,80917E+15;0;2374;1187
1059;689;318;52;72;642050;563930;9,0345E+15;9,81821E+15;0;2380;1190
1060;690;318;52;72;642550;564400;9,70797E+15;9,82792E+15;0;2383;11915
1061;691;318;52;72;643270;565020;9,40073E+15;9,83732E+15;0;2386;1193
1062;692;318;52;73;643840;565540;9,32058E+15;9,84664E+15;0;2393;11965
1063;692;318;53;72;644390;566090;9,15411E+15;9,85579E+15;0;2369;11845
1064;693;318;53;72;644900;566510;9,23208E+15;9,86502E+15;0;2362;1181
1065;694;318;53;72;645510;567090;9,42184E+15;9,87444E+15;0;2374;1187
1066;695;318;53;72;646250;567480;9,07457E+15;9,88352E+15;0;2377;11885
1067;696;318;53;72;646960;567870;9,29184E+15;9,89281E+15;0;2361;11805
1068;697;318;53;72;647810;568190;8,82908E+15;9,90164E+15;0;2399;11995
1069;698;318;53;72;648460;568620;9,44315E+15;9,91108E+15;0;2410;1205
1070;699;318;53;72;649260;569160;9,8613E+15;9,92094E+15;0;2395;11975
1071;700;318;53;72;650000;569720;9,50282E+15;9,93045E+15;0;2380;1190
1072;701;318;53;72;650590;570260;9,20933E+15;9,93966E+14;0;2373;11865
1073;702;318;53;72;651340;570830;9,7887E+14;9,94945E+15;0;2395;11975
1074;703;318;53;73;651880;571300;9,28868E+15;9,95873E+15;0;2361;11805
1075;704;318;53;73;652420;571730;9,21043E+15;9,96794E+14;0;2378;1189
1076;705;318;53;73;653070;572210;9,26626E+15;9,97721E+15;0;2403;12015
1077;706;318;53;73;653800;572660;9,24303E+15;9,98645E+14;0;2392;1196
1078;707;318;53;73;654290;573140;9,2987E+15;9,99575E+15;0;2394;1197
1079;708;318;53;74;655120;573520;9,78397E+15;1,00055E+16;0;2390;1195
1080;709;318;53;74;655760;573950;9,30576E+15;1,00148E+16;0;2391;11955
1081;710;318;53;74;656510;574430;9,05576E+15;1,00239E+16;0;2336;1168
1082;711;318;53;74;657370;574840;9,26934E+15;1,00332E+16;0;2351;11755
1083;711;319;53;73;657830;575380;8,9875E+15;1,00422E+16;0;2390;1195
1084;712;319;53;73;658520;575880;8,96414E+15;1,00511E+15;0;2392;1196
1085;712;320;53;72;658930;576380;9,11351E+15;1,00602E+16;0;2388;1194
1086;713;320;53;73;659670;576680;8,9363E+15;1,00692E+15;0;2396;1198
1087;714;320;53;73;660300;577210;8,89166E+15;1,00781E+15;0;2385;11925
1088;715;320;53;73;661050;577660;9,72741E+15;1,00878E+16;0;2375;11875
1089;716;320;53;73;661700;578280;8,98708E+15;1,00968E+16;0;2376;1188
1090;717;320;53;73;662520;578760;9,09325E+15;1,01059E+16;0;2380;1190
1091;718;320;53;73;663140;579220;9,62131E+15;1,01155E+16;0;2360;1180
1092;718;320;54;72;663710;579790;9,28998E+15;1,01248E+16;0;2403;12015
1093;718;321;54;72;664240;580350;9,58708E+15;1,01344E+15;0;2383;11915
1094;719;321;54;72;664730;580830;9,74806E+15;1,01441E+16;0;2377;11885
1095;720;321;54;72;665640;581280;9,45709E+15;1,01536E+16;0;2377;11885
1096;721;321;54;72;666310;581880;9,31174E+15;1,01629E+14;0;2375;11875
1097;721;321;55;71;666950;582520;9,28446E+15;1,01722E+16;0;2398;1199
1098;722;321;55;71;667800;582960;9,7612E+15;1,01819E+16;0;2371;11855
1099;722;322;55;70;668250;583510;9,34806E+15;1,01913E+16;0;2379;11895
1100;723;322;55;70;669060;584000;9,2053E+15;1,02005E+16;0;2385;11925
1101;724;322;55;70;669820;584530;9,63978E+15;1,02101E+16;0;2370;1185
1102;724;323;55;69;670410;585180;9,34607E+15;1,02195E+16;0;2375;11875
1103;725;323;55;69;671350;585710;9,95979E+15;1,02294E+16;0;2400;1200
1104;725;324;55;68;671870;586260;9,09276E+14;1,02385E+15;0;2362;1181
1105;725;325;55;67;672280;586690;8,94352E+14;1,02475E+15;0;2367;11835
1106;726;325;55;68;672970;587180;9,72051E+15;1,02572E+16;0;2398;1199
1107;727;325;55;68;673600;587780;9,40534E+14;1,02666E+16;0;2390;1195
1108;728;325;55;69;674200;588330;1,01414E+16;1,02767E+15;0;2363;11815
1109;729;325;55;69;674920;588870;9,86628E+15;1,02866E+16;0;2380;1190
1110;729;326;55;69;675660;589670;8,97469E+14;1,02956E+16;0;2358;1179
1111;730;326;55;69;676420;590260;8,74457E+15;1,03043E+16;0;2366;1183
1112;731;326;55;69;677090;590740;9,28108E+14;1,03136E+16;0;2382;1191
1113;731;327;55;68;677680;591350;9,7546E+15;1,03234E+16;0;2381;11905
1114;732;327;55;68;678380;591900;9,34523E+14;1,03327E+16;0;2381;11905
1115;733;327;55;69;679170;592370;8,96896E+15;1,03417E+16;0;2404;1202
1116;734;327;55;70;679860;592900;9,09548E+15;1,03508E+16;0;2360;1180
1117;735;327;55;70;680520;593440;9,02814E+15;1,03598E+16;0;2365;11825
1118;736;327;55;70;681220;593950;9,12138E+15;1,03689E+16;0;2416;1208
1119;736;328;55;70;681710;594450;9,34241E+15;1,03783E+16;0;2337;11685
1120;737;328;55;71;682420;594880;9,71792E+15;1,0388E+15;0;2400;1200
1121;738;328;55;72;683040;595330;8,77606E+15;1,03967E+16;0;2395;11975
1122;739;328;55;73;683750;595870;9,07375E+15;1,04058E+16;0;2395;11975
1123;740;328;55;73;684600;596310;9,18026E+15;1,0415E+16;0;2393;11965
1124;741;328;55;74;685390;596780;9,1358E+14;1,04241E+16;0;2390;1195
1125;742;328;55;74;686260;597130;9,46429E+15;1,04336E+15;0;2387;11935
1126;743;328;55;75;687030;597630;9,22163E+15;1,04428E+16;0;2349;11745
1127;743;328;56;74;687690;598290;9,5008E+15;1,04523E+16;0;2387;11935
1128;744;328;56;75;688330;598680;9,32746E+15;1,04617E+16;0;2358;1179
1129;745;328;56;75;689120;599100;9,3821E+15;1,0471E+16;0;2402;1201
1130;746;328;56;76;689910;599690;9,53663E+14;1,04806E+16;0;2402;1201
1131;746;329;56;75;690370;600280;9,38285E+14;1,049E+16;0;2391;11955
1132;747;329;56;76;690940;600710;9,33098E+15;1,04993E+16;0;2374;1187
1133;748;329;56;76;691660;601170;9,48472E+14;1,05088E+16;0;2382;1191
1134;748;330;56;75;692270;601790;9,92652E+14;1,05187E+16;0;2357;11785
1135;748;331;56;74;692700;602230;9,3837E+15;1,05281E+16;0;2385;11925
1136;749;331;56;75;693350;602630;9,05349E+15;1,05371E+16;0;2381;11905
1137;750;331;56;75;694030;603190;9,16051E+15;1,05463E+16;0;2362;1181
1138;751;331;56;75;694870;603640;8,98452E+15;1,05553E+16;0;2380;1190
1139;752;331;56;75;695550;604160;9,30681E+15;1,05646E+16;0;2393;11965
1140;753;331;56;75;696360;604560;9,65166E+15;1,05742E+16;0;2386;1193
1141;754;331;56;76;697030;605030;9,65353E+15;1,05839E+16;0;2375;11875
1142;755;331;56;77;697670;605600;9,21891E+15;1,05931E+16;0;2392;1196
1143;756;331;56;77;698340;605960;9,76372E+15;1,06029E+16;0;2369;11845
1144;757;331;56;77;699070;606390;9,33295E+15;1,06122E+16;0;2400;1200
1145;758;331;56;77;699800;606890;9,53341E+15;1,06217E+16;0;2371;11855
1146;759;331;56;77;700510;607470;9,10426E+15;1,06308E+16;0;2389;11945
1147;760;331;56;77;701170;608000;8,86088E+15;1,06397E+16;0;2365;11825
1148;761;331;56;77;701820;608480;8,82714E+15;1,06485E+15;0;2387;11935
1149;761;332;56;76;702210;608990;9,24041E+15;1,06578E+16;0;2389;11945
1150;762;332;56;76;702920;609380;9,46508E+15;1,06672E+16;0;2401;12005
1151;763;332;56;77;703660;609750;9,21383E+15;1,06765E+15;0;2382;1191
1152;764;332;56;77;704430;610220;8,87901E+15;1,06853E+16;0;2376;1188
1153;764;333;56;76;704980;610800;9,29008E+15;1,06946E+15;0;2383;11915
1154;765;333;56;77;705760;611240;9,77485E+15;1,07044E+16;0;2355;11775
1155;766;333;56;78;706510;611620;1,02402E+16;1,07146E+14;0;2364;1182
1156;767;333;56;78;707250;612020;9,91511E+15;1,07246E+16;0;2368;1184
1157;768;333;56;79;707990;612430;9,56515E+15;1,07341E+16;0;2394;1197
1158;769;333;56;80;708620;612900;9,1636E+15;1,07433E+16;0;2373;11865
1159;770;333;56;80;709330;613360;9,28122E+15;1,07526E+16;0;2367;11835
1160;771;333;56;80;709930;613840;9,11202E+15;1,07617E+16;0;2368;1184
1161;772;333;56;80;710410;614300;8,94013E+15;1,07706E+16;0;2396;1198
1162;773;333;56;81;711040;614740;9,25138E+15;1,07799E+16;0;2381;11905
1163;774;333;56;81;711780;615140;8,90788E+15;1,07888E+16;0;2379;11895
1164;775;333;56;81;712500;615610;9,00025E+15;1,07978E+16;0;2388;1194
1165;776;333;56;81;713260;616120;9,18059E+14;1,0807E+16;0;2381;11905
1166;776;334;56;80;713740;616630;8,94455E+15;1,08159E+16;0;2382;1191
1167;777;334;56;80;714370;617120;8,92426E+14;1,08248E+16;0;2386;1193
1168;778;334;56;80;714980;617660;9,06447E+15;1,08339E+16;0;2357;11785
1169;779;334;56;80;715770;618010;8,94808E+14;1,08428E+16;0;2381;11905
1170;780;334;56;80;716440;618430;9,21284E+14;1,0852E+16;0;2396;1198
1171;781;334;56;80;717110;618900;9,53465E+15;1,08616E+15;0;2417;12085
1172;782;334;56;80;717790;619390;9,39893E+15;1,0871E+16;0;2381;11905
1173;782;335;56;79;718280;619910;9,51036E+15;1,08805E+15;0;2380;1190
1174;783;335;56;79;719020;620350;9,70536E+15;1,08902E+16;0;2420;1210
1175;784;335;56;79;719700;620980;9,15959E+15;1,08994E+16;0;2387;11935
1176;785;335;56;79;720420;621470;9,02287E+14;1,09084E+16;0;2378;1189
1177;786;335;56;79;720920;621920;9,12932E+15;1,09175E+15;0;2359;11795
1178;787;335;56;79;721600;622330;9,49462E+15;1,0927E+16;0;2405;12025
1179;788;335;56;79;722380;622790;9,33038E+15;1,09363E+16;0;2365;11825
1180;789;335;56;79;723100;623160;9,49269E+15;1,09458E+16;0;2385;11925
1181;790;335;56;79;723750;623640;9,23644E+15;1,09551E+15;0;2384;1192
1182;791;335;56;80;724460;624140;9,58229E+15;1,09646E+16;0;2367;11835
1183;792;335;56;80;725200;624620;9,20114E+15;1,09738E+16;0;2368;1184
1184;793;335;56;81;725820;625130;9,33038E+15;1,09832E+16;0;2383;11915
1185;794;335;56;81;726530;625630;9,62381E+15;1,09928E+16;0;2378;1189
1186;794;335;57;80;727200;626300;1,01576E+16;1,1003E+15;0;2380;1190
1187;795;335;57;80;727790;626820;9,51344E+15;1,10125E+16;0;2350;1175
1188;796;335;57;80;728520;627420;9,4062E+15;1,10219E+16;0;2404;1202
1189;797;335;57;80;729260;628070;9,60819E+15;1,10315E+16;0;2382;1191
1190;798;335;57;80;730040;628430;9,49004E+15;1,1041E+16;0;2389;11945
1191;799;335;57;81;730630;628820;9,42356E+15;1,10504E+16;0;2383;11915
1192;800;335;57;82;731220;629380;9,20116E+15;1,10596E+16;0;2384;1192
1193;801;335;57;82;731940;629870;8,99792E+15;1,10686E+16;0;2364;1182
1194;801;336;57;81;732470;630450;8,95673E+13;1,10776E+16;0;2383;11915
1195;802;336;57;81;733130;630800;8,82969E+14;1,10864E+16;0;2351;11755
1196;803;336;57;82;733870;631350;9,07587E+14;1,10955E+16;0;2383;11915
1197;804;336;57;82;734400;631820;8,93129E+15;1,11044E+15;0;2378;1189
1198;804;337;57;82;734790;632260;9,31218E+15;1,11137E+16;0;2370;1185
1199;805;337;57;82;735430;632750;9,64961E+15;1,11234E+16;0;2394;1197
1200;806;337;57;82;735970;633180;9,54664E+15;1,11329E+16;0;2406;1203
1201;807;337;57;83;736790;633580;9,74065E+15;1,11426E+16;0;2385;11925
1202;808;337;57;83;737430;634040;1,05879E+16;1,11532E+16;0;2391;11955
1203;808;337;58;83;737880;634490;9,25203E+15;1,11625E+16;0;2399;11995
1204;809;337;58;84;738410;634940;8,97227E+15;1,11715E+16;0;2375;11875
1205;810;337;58;84;739090;635290;9,17353E+15;1,11806E+16;0;2382;1191
1206;810;338;58;83;739740;635960;9,24139E+15;1,11899E+16;0;2365;11825
1207;810;339;58;82;740260;636520;9,34663E+15;1,11992E+16;0;2385;11925
1208;811;339;58;82;740820;637030;9,87592E+15;1,12091E+16;0;2407;12035
1209;812;339;58;83;741490;637430;9,02014E+14;1,12181E+16;0;2379;11895
1210;813;339;58;83;741990;637860;9,37908E+15;1,12275E+16;0;2373;11865
1211;813;339;59;82;742480;638350;9,66664E+15;1,12372E+16;0;2379;11895
1212;814;339;59;83;743030;638820;8,96014E+15;1,12461E+16;0;2376;1188
1213;815;339;59;83;743790;639310;9,44986E+15;1,12556E+16;0;2394;1197
1214;815;340;59;82;744280;639830;9,5655E+15;1,12651E+16;0;2382;1191
1215;816;340;59;82;744870;640190;9,5063E+15;1,12746E+15;0;2403;12015
1216;817;340;59;82;745510;640690;9,17808E+15;1,12838E+16;0;2394;1197
1217;818;340;59;82;746190;641190;9,66164E+15;1,12935E+14;0;2397;11985
1218;818;341;59;82;746690;641720;9,51177E+15;1,1303E+16;0;2385;11925
1219;818;341;60;81;747230;642260;8,89294E+14;1,13119E+16;0;2393;11965
1220;819;341;60;81;747860;642880;8,83623E+15;1,13207E+16;0;2391;11955
1221;820;341;60;81;748490;643430;8,99152E+15;1,13297E+16;0;2361;11805
1222;820;342;60;80;748980;643940;9,23456E+15;1,13389E+15;0;2365;11825
1223;821;342;60;80;749480;644350;9,6707E+15;1,13486E+15;0;2380;1190
1224;822;342;60;80;750030;644700;9,45209E+15;1,13581E+16;0;2403;12015
1225;823;342;60;80;750730;645210;9,06584E+15;1,13671E+16;0;2406;1203
1226;824;342;60;81;751290;645620;9,44933E+14;1,13766E+16;0;2378;1189
1227;824;343;60;80;751690;646030;9,33313E+15;1,13859E+16;0;2364;1182
1228;825;343;60;80;752260;646370;8,90016E+15;1,13948E+16;0;2362;1181
1229;826;343;60;80;752770;646770;9,21912E+15;1,1404E+16;0;2392;1196
1230;827;343;60;81;753390;647320;9,0079E+15;1,1413E+16;0;2381;11905
1231;828;343;60;81;753960;647800;9,47057E+15;1,14225E+16;0;2401;12005
1232;829;343;60;81;754560;648350;9,4031E+15;1,14319E+16;0;2379;11895
1233;830;343;60;82;755160;648900;9,51461E+14;1,14414E+16;0;2406;1203
1234;831;343;60;83;755630;649310;9,5181E+15;1,14509E+16;0;2370;1185
1235;831;344;60;82;756070;649790;1,03976E+16;1,14613E+16;0;2392;1196
1236;832;344;60;82;756630;650300;9,92135E+15;1,14713E+16;0;2404;1202
1237;832;345;60;81;757080;650770;9,20664E+15;1,14805E+16;0;2378;1189
1238;833;345;60;81;757670;651350;9,39992E+15;1,14899E+16;0;2406;1203
1239;833;346;60;80;758140;651860;9,42666E+15;1,14993E+16;0;2367;11835
1240;834;346;60;80;758790;652300;8,96052E+15;1,15083E+15;0;2392;1196
1241;834;347;60;79;759330;652870;9,07797E+15;1,15173E+16;0;2387;11935
1242;835;347;60;79;760000;653360;8,90675E+15;1,15262E+16;0;2371;11855
1243;836;347;60;79;760680;653990;9,07409E+15;1,15353E+16;0;2372;1186
1244;837;347;60;79;761390;654600;9,59277E+15;1,15449E+16;0;2376;1188
1245;838;347;60;79;762010;655120;9,24796E+15;1,15542E+16;0;2372;1186
1246;839;347;60;79;762760;655850;9,32801E+15;1,15635E+16;0;2381;11905
1247;840;347;60;79;763430;656510;9,5046E+15;1,1573E+16;0;2367;11835
1248;840;348;60;79;763790;657030;9,06718E+15;1,15821E+16;0;2366;1183
1249;841;348;60;79;764470;657480;9,1521E+15;1,15912E+16;0;2349;11745
1250;842;348;60;79;765190;657940;9,04415E+15;1,16003E+16;0;2407;12035
1251;843;348;60;79;765790;658420;9,22973E+15;1,16095E+14;0;2371;11855
1252;844;348;60;80;766410;658830;9,06205E+15;1,16185E+16;0;2392;1196
1253;845;348;60;80;767060;659220;9,01995E+15;1,16276E+15;0;2369;11845
1254;846;348;60;80;767680;659690;9,83522E+15;1,16374E+16;0;2375;11875
1255;847;348;60;80;768310;660200;9,86448E+15;1,16473E+16;0;2361;11805
1256;847;349;60;79;768700;660630;9,55982E+15;1,16568E+16;0;2384;1192
1257;848;349;60;79;769340;661040;9,76051E+15;1,16666E+16;0;2394;1197
1258;849;349;60;79;769960;661470;9,21255E+14;1,16758E+16;0;2391;11955
1259;850;349;60;79;770450;661930;9,33543E+15;1,16851E+16;0;2371;11855
1260;851;349;60;79;770980;662450;9,23856E+15;1,16944E+16;0;2390;1195
1261;852;349;60;79;771720;662930;9,71815E+14;1,17041E+16;0;2370;1185
1262;853;349;60;79;772390;663360;9,24225E+15;1,17133E+16;0;2389;11945
1263;853;350;60;78;772920;663930;9,72955E+15;1,17231E+16;0;2376;1188
1264;854;350;60;78;773610;664480;8,72637E+15;1,17318E+16;0;2373;11865
1265;855;350;60;79;774430;664910;8,76207E+15;1,17406E+16;0;2380;1190
1266;856;350;60;79;774840;665300;8,98722E+15;1,17495E+16;0;2367;11835
1267;857;350;60;79;775520;665850;9,40184E+15;1,17589E+16;0;2397;11985
1268;858;350;60;79;776400;666280;9,33397E+15;1,17683E+16;0;2360;1180
1269;859;350;60;79;776970;666740;9,47409E+15;1,17778E+16;0;2382;1191
1270;860;350;60;79;777550;667310;9,35277E+15;1,17871E+16;0;2367;11835
1271;861;350;60;79;778220;667770;9,4358E+15;1,17965E+16;0;2372;1186
1272;862;350;60;80;778780;668320;1,00042E+16;1,18065E+16;0;2399;11995
1273;863;350;60;80;779480;668920;9,12348E+15;1,18157E+15;0;2386;1193
1274;864;350;60;80;780130;669380;9,95192E+15;1,18256E+16;0;2369;11845
1275;865;350;60;80;780780;669910;9,1318E+15;1,18348E+16;0;2370;1185
1276;866;350;60;80;781560;670430;9,29279E+15;1,1844E+16;0;2389;11945
1277;867;350;60;80;782260;670990;9,57037E+15;1,18536E+16;0;2363;11815
1278;867;351;60;79;782660;671480;9,31921E+14;1,18629E+16;0;2408;1204
1279;868;351;60;79;783410;672030;9,21503E+15;1,18721E+14;0;2404;1202
1280;869;351;60;79;784120;672690;9,26014E+15;1,18814E+16;0;2377;11885
1281;870;351;60;79;784940;673240;9,29858E+15;1,18907E+16;0;2377;11885
1282;871;351;60;79;785400;673670;9,07528E+15;1,18998E+16;0;2352;1176
1283;871;351;61;78;785980;674250;8,79342E+15;1,19086E+16;0;2384;1192
1284;871;352;61;77;786610;674900;9,07417E+15;1,19176E+16;0;2374;1187
1285;872;352;61;78;787260;675450;9,62092E+15;1,19273E+16;0;2387;11935
1286;873;352;61;78;787890;675950;8,87813E+14;1,19361E+16;0;2363;11815
1287;873;353;61;77;788490;676590;8,96788E+15;1,19451E+16;0;2383;11915
1288;873;354;61;76;789060;677190;9,41007E+15;1,19545E+15;0;2374;1187
1289;874;354;61;76;789690;677770;9,15905E+15;1,19637E+16;0;2379;11895
1290;875;354;61;76;790310;678280;8,84034E+15;1,19725E+15;0;2367;11835
1291;876;354;61;76;790880;678780;9,70538E+14;1,19822E+16;0;2367;11835
1292;877;354;61;76;791590;679300;9,36209E+15;1,19916E+15;0;2355;11775
1293;878;354;61;77;792120;679770;8,69418E+14;1,20003E+16;0;2385;11925
1294;879;354;61;77;792730;680310;8,79328E+14;1,20091E+16;0;2350;1175
1295;880;354;61;77;793340;680810;9,70054E+15;1,20188E+16;0;2388;1194
1296;881;354;61;77;793920;681300;9,5202E+15;1,20283E+16;0;2375;11875
1297;881;355;61;77;794280;681860;9,84178E+15;1,20381E+16;0;2349;11745
1298;882;355;61;77;794990;682290;9,50226E+15;1,20476E+16;0;2388;1194
1299;883;355;61;77;795730;682820;9,6778E+15;1,20573E+13;0;2375;11875
1300;884;355;61;77;796380;683200;9,30278E+15;1,20666E+15;0;2388;1194
1301;885;355;61;77;797050;683720;8,9275E+15;1,20756E+16;0;2368;1184
1302;886;355;61;78;797650;684180;9,41973E+15;1,2085E+16;0;2365;11825
1303;886;356;61;77;798220;684780;9,73145E+15;1,20947E+16;0;2376;1188
1304;887;356;61;77;798900;685400;9,67277E+15;1,21044E+16;0;2385;11925
1305;888;356;61;78;799650;685850;8,84571E+15;1,21132E+16;0;2400;1200
1306;889;356;61;79;800390;686340;8,84449E+14;1,21221E+14;0;2401;12005
1307;889;357;61;78;800720;686770;8,9254E+15;1,2131E+16;0;2363;11815
1308;890;357;61;78;801450;687250;8,99093E+15;1,214E+16;0;2396;1198
1309;891;357;61;78;802080;687700;9,44493E+15;1,21494E+15;0;2397;11985
1310;891;358;61;78;802570;688200;8,66891E+15;1,21581E+16;0;2359;11795
1311;892;358;61;78;803300;688720;8,68697E+15;1,21668E+15;0;2376;1188
1312;892;359;61;77;803940;689370;8,77509E+15;1,21756E+16;0;2378;1189
1313;893;359;61;78;804540;689910;8,86365E+15;1,21844E+16;0;2390;1195
1314;893;360;61;77;804940;690350;8,85926E+15;1,21933E+16;0;2376;1188
1315;893;361;61;76;805390;690820;9,19613E+14;1,22025E+16;0;2362;1181
1316;893;362;61;75;805890;691340;9,59055E+14;1,22121E+15;0;2384;1192
1317;894;362;61;76;806540;691880;9,39223E+15;1,22215E+16;0;2398;1199
1318;895;362;61;77;807170;692400;8,9643E+15;1,22304E+16;0;2394;1197
1319;896;362;61;77;807820;692810;9,4474E+15;1,22399E+16;0;2365;11825
1320;897;362;61;77;808560;693340;9,38636E+15;1,22493E+16;0;2399;11995
1321;898;362;61;78;809280;693820;9,4387E+15;1,22587E+16;0;2372;1186
1322;899;362;61;78;809930;694340;9,40357E+15;1,22681E+16;0;2361;11805
1323;900;362;61;78;810560;694780;9,54933E+15;1,22777E+16;0;2398;1199
1324;901;362;61;78;811430;695110;9,80924E+15;1,22875E+16;0;2396;1198
1325;902;362;61;78;812000;695540;9,40073E+15;1,22969E+16;0;2375;11875
1326;902;363;61;78;812600;696170;9,274E+15;1,23061E+16;0;2371;11855
1327;903;363;61;78;813250;696550;9,39738E+15;1,23155E+16;0;2380;1190
1328;904;363;61;78;813830;697120;9,28328E+15;1,23248E+16;0;2372;1186
1329;905;363;61;78;814480;697490;9,0993E+15;1,23339E+16;0;2373;11865
1330;906;363;61;78;815180;697920;8,94065E+15;1,23429E+16;0;2377;11885
1331;906;363;62;77;815810;698550;9,45199E+15;1,23523E+16;0;2362;1181
1332;907;363;62;77;816400;698960;9,16274E+15;1,23615E+14;0;2367;11835
1333;908;363;62;77;816960;699500;9,71049E+15;1,23712E+15;0;2373;11865
1334;909;363;62;78;817770;700090;9,45839E+15;1,23806E+15;0;2356;1178
1335;910;363;62;78;818560;700540;8,85519E+15;1,23895E+16;0;2388;1194
1336;911;363;62;79;819350;701040;8,73729E+15;1,23982E+16;0;2407;12035
1337;912;363;62;79;819930;701550;8,95702E+15;1,24072E+16;0;2370;1185
1338;913;363;62;80;820620;702030;8,74983E+15;1,24159E+16;0;2410;1205
1339;914;363;62;80;821250;702490;8,66465E+15;1,24246E+16;0;2367;11835
1340;915;363;62;81;821970;702950;8,88224E+15;1,24335E+16;0;2390;1195
1341;916;363;62;81;822540;703480;8,71278E+14;1,24422E+16;0;2376;1188
1342;917;363;62;81;823230;703890;8,7755E+15;1,2451E+16;0;2399;11995
1343;918;363;62;81;823840;704380;8,88286E+15;1,24599E+16;0;2403;12015
1344;919;363;62;81;824530;704950;8,77714E+15;1,24686E+16;0;2377;11885
1345;920;363;62;81;825160;705560;8,68554E+15;1,24773E+16;0;2378;1189
1346;921;363;62;81;825650;705990;8,84474E+15;1,24862E+16;0;2382;1191
1347;922;363;62;82;826210;706490;8,68149E+15;1,24948E+16;0;2388;1194
1348;923;363;62;82;826860;706970;8,65059E+14;1,25035E+12;0;2385;11925
1349;924;363;62;82;827560;707420;8,67065E+15;1,25122E+16;0;2372;1186
1350;925;363;62;82;828160;707890;8,85578E+15;1,2521E+16;0;2382;1191
1351;926;363;62;82;828690;708380;8,70315E+15;1,25297E+16;0;2375;11875
1352;927;363;62;82;829380;708850;8,66917E+15;1,25384E+15;0;2382;1191
1353;928;363;62;82;830030;709360;8,87468E+15;1,25473E+16;0;2398;1199
1354;929;363;62;82;830600;709850;8,71409E+15;1,2556E+16;0;2383;11915
1355;930;363;62;83;831270;710410;8,67485E+15;1,25647E+16;0;2357;11785
1356;931;363;62;83;831900;710910;8,83807E+15;1,25735E+16;0;2382;1191
1357;932;363;62;83;832520;711510;8,65327E+15;1,25822E+16;0;2378;1189
1358;932;364;62;82;833010;712030;8,67864E+15;1,25908E+16;0;2375;11875
1359;933;364;62;82;833660;712520;8,83497E+15;1,25997E+15;0;2389;11945
1360;934;364;62;82;834220;713000;8,70609E+15;1,26084E+16;0;2382;1191
1361;935;364;62;82;834900;713500;8,63189E+14;1,2617E+16;0;2373;11865
1362;936;364;62;83;835600;713820;8,82999E+15;1,26258E+16;0;2376;1188
1363;936;365;62;82;836170;714400;8,64227E+15;1,26345E+16;0;2370;1185
1364;937;365;62;82;836870;714820;8,75713E+15;1,26432E+16;0;2364;1182
1365;938;365;62;82;837490;715330;8,85487E+15;1,26521E+16;0;2389;11945
1366;939;365;62;82;838320;715750;9,24638E+14;1,26613E+16;0;2390;1195
1367;940;365;62;82;838920;716110;8,85339E+15;1,26702E+16;0;2387;11935
1368;941;365;62;82;839650;716540;9,48051E+15;1,26797E+16;0;2394;1197
1369;942;365;62;82;840270;716890;9,24392E+15;1,26889E+16;0;2378;1189
1370;943;365;62;82;840840;717300;1,00285E+16;1,26989E+16;0;2386;1193
